Well,Site,Individual,Initial Species Determination,Species based on genetic data,ndh Allele,Peak Height,Run,trnK allele,pch for R,color for R,LatOrder,Latitude,Longitude,Collection date,Comment
01-01A,WIN,WIN1B,R. armeniacus,R. armeniacus,343,7716,Run_MAJSEQUENCER_2008-03-09_17-25_4715,cut,11,red,14,38.52072,-121.96693,20070801,
01-01B,MCD,MCD1,R. ursinus,R. ursinus,331,7783,Run_MAJSEQUENCER_2008-03-09_17-25_4715,uncut,3,blue,13,38.51267,-122.0977,20070816,
01-01C,MCD,MCD2,R. ursinus,R. ursinus,331,7986,Run_MAJSEQUENCER_2008-03-09_17-25_4715,uncut,3,blue,13,38.5126,-122.09777,20070816,
01-01D,MCD,MCD3,R. ulmifolius,R. ulmifolius,346,5209,Run_MAJSEQUENCER_2008-03-09_17-25_4715,cut,13,red,13,38.51253,-122.09793,20070816,
01-01E,MCD,MCD4,R. ursinus,R. ursinus,331,8535,Run_MAJSEQUENCER_2008-04-04_09-52_4802,uncut,3,blue,13,38.51257,-122.0979,20070816,
01-01F,MCD,MCD5,R. ursinus,R. ursinus,331,1487,Run_MAJSEQUENCER_2008-03-09_17-25_4715,uncut,3,blue,13,38.51248,-122.0981,20070816,
01-01G,MCD,MCD6,R. armeniacus,R. armeniacus,343,7768,Run_MAJSEQUENCER_2008-03-09_17-25_4715,cut,11,red,13,38.51278,-122.09892,20070816,
01-01H,MCD,MCD7,R. armeniacus,R. armeniacus,343,242,Run_MAJSEQUENCER_2008-03-09_17-25_4715,cut,11,red,13,38.5128,-122.09892,20070816,
01-02A,MCD,MCD8,R. armeniacus,R. armeniacus,343,125,Run_MAJSEQUENCER_2008-03-09_17-25_4715,cut,11,red,13,38.51302,-122.09938,20070816,
01-02B,MCD,MCD9,R. ursinus,R. ursinus,331,584,Run_MAJSEQUENCER_2008-03-09_17-25_4715,uncut,3,blue,13,38.5131,-122.09977,20070816,
01-02C,MCD,MCD10,R. ulmifolius,R. ulmifolius,346,4320,Run_MAJSEQUENCER_2008-03-09_17-25_4715,cut,13,red,13,38.5131,-122.10023,20070816,
01-02D,MCD,MCD11,R. ursinus,R. ursinus,381,2322,Run_MAJSEQUENCER_2008-03-09_17-25_4715,uncut,32,blue,13,38.51315,-122.10018,20070816,
01-02E,MCD,MCD12,R. armeniacus,R. armeniacus,343,7871,Run_MAJSEQUENCER_2008-03-09_17-25_4715,cut,11,red,13,38.51303,-122.10072,20070816,
01-02F,KNL,KNL1,R. ursinus,R. ursinus,331,2709,Run_MAJSEQUENCER_2008-03-09_17-25_4715,uncut,3,blue,20,38.80162,-121.72367,20070820,
01-02G,KNL,KNL2,R. ursinus,R. ursinus,331,7867,Run_MAJSEQUENCER_2008-04-04_09-52_4802,uncut,3,blue,20,38.80242,-121.7231,20070820,
01-02H,KNL,KNL3,R. ursinus,R. ursinus,331,7722,Run_MAJSEQUENCER_2008-03-09_17-25_4715,uncut,3,blue,20,38.80278,-121.72345,20070820,
01-03A,KNL,KNL5,R. armeniacus,R. armeniacus,343,2789,Run_MAJSEQUENCER_2008-03-09_17-25_4716,cut,11,red,20,38.80187,-121.72232,20070820,
01-03B,KNL,KNL6,R. ursinus,R. ursinus,331,34,Run_MAJSEQUENCER_2008-03-09_17-25_4716,uncut,3,blue,20,38.80183,-121.72273,20070820,
01-03C,KNL,KNL7,R. ursinus,R. ursinus,340,2523,Run_MAJSEQUENCER_2008-04-04_09-52_4802,uncut,9,blue,20,38.80148,-121.72193,20070820,
01-03D,CFX,CFX1,R. leucodermis,R. leucodermis,333,5732,Run_MAJSEQUENCER_2008-03-09_17-25_4716,cut,5,magenta,22,39.0972,-120.93385,20070827,
01-03E,CFX,CFX2,R. armeniacus,R. armeniacus,343,7765,Run_MAJSEQUENCER_2008-03-09_17-25_4716,cut,11,red,22,39.0972,-120.93385,20070827,
01-03F,CFX,CFX3,R. armeniacus,inbred R. armeniacus,343,4163,Run_MAJSEQUENCER_2008-03-09_17-25_4716,cut,11,red,22,39.0988,-120.9281,20070827,
01-03G,CFX,CFX4,R. armeniacus,R. armeniacus,343,5727,Run_MAJSEQUENCER_2008-03-09_17-25_4716,cut,11,red,22,39.09863,-120.92843,20070827,
01-03H,CFX,CFX5,R. armeniacus,R. armeniacus,343,7733,Run_MAJSEQUENCER_2008-03-09_17-25_4716,cut,11,red,22,39.09863,-120.92883,20070827,
01-04A,CFX,CFX6,R. armeniacus,R. armeniacus,343,3235,Run_MAJSEQUENCER_2008-03-09_17-25_4716,cut,11,red,22,39.09943,-120.9254,20070827,
01-04B,CFX,CFX7,R. armeniacus,R. armeniacus,343,4807,Run_MAJSEQUENCER_2008-03-09_17-25_4716,cut,11,red,22,39.09947,-120.92517,20070827,
01-04C,CFX,CFX8,R. armeniacus?,R. armeniacus,343,3670,Run_MAJSEQUENCER_2008-03-09_17-25_4716,cut,11,red,22,39.09967,-120.92517,20070827,
01-04D,CFX,CFX9,R. armeniacus,R. armeniacus,343,3452,Run_MAJSEQUENCER_2008-03-09_17-25_4716,cut,11,red,22,39.0999,-120.92518,20070827,
01-04E,CFX,CFX10,R. armeniacus,R. armeniacus,343,6151,Run_MAJSEQUENCER_2008-03-09_17-25_4716,cut,11,red,22,39.0998,-120.92447,20070827,
01-04F,CFX,CFX11,R. armeniacus,R. armeniacus,343,3817,Run_MAJSEQUENCER_2008-03-09_17-25_4716,cut,11,red,22,39.1,-120.92462,20070827,
01-04G,CFX,CFX12,R. armeniacus?,R. armeniacus,343,2217,Run_MAJSEQUENCER_2008-03-09_17-25_4716,cut,11,red,22,39.10007,-120.92467,20070827,
01-04H,CFX,CFX13,R. armeniacus?,R. armeniacus,343,2400,Run_MAJSEQUENCER_2008-03-09_17-25_4716,cut,11,red,22,39.09978,-120.9246,20070827,
01-05A,CFX,CFX14,R. armeniacus,R. armeniacus,343,5879,Run_MAJSEQUENCER_2008-03-09_17-25_4717,cut,11,red,22,39.10025,-120.92478,20070827,
01-05B,CFX,CFX15,R. armeniacus,R. armeniacus,343,1939,Run_MAJSEQUENCER_2008-03-09_17-25_4717,cut,11,red,22,39.10025,-120.9251,20070827,
01-05C,CFX,CFX16,R. armeniacus,R. armeniacus,343,4347,Run_MAJSEQUENCER_2008-03-09_17-25_4717,cut,11,red,22,39.09087,-120.94003,20070827,
01-05D,BWP,BWP1,R. armeniacus,R. armeniacus,343,7652,Run_MAJSEQUENCER_2008-04-04_09-52_4802,cut,11,red,24,39.78295,-121.74595,20070830,
01-05E,BWP,BWP2,R. armeniacus,R. armeniacus,343,2961,Run_MAJSEQUENCER_2008-04-04_09-52_4802,cut,11,red,24,39.7831,-121.74538,20070830,
01-05F,BWP,BWP3,R. armeniacus,R. armeniacus,343,4815,Run_MAJSEQUENCER_2008-03-09_17-25_4717,cut,11,red,24,39.78318,-121.74505,20070830,
01-05G,BWP,BWP4,R. armeniacus,R. armeniacus,343,2259,Run_MAJSEQUENCER_2008-03-09_17-25_4717,cut,11,red,24,39.7834,-121.7452,20070830,
01-05H,BWP,BWP5,R. ursinus,R. ursinus,340,30,4775,uncut,9,blue,24,39.78372,-121.74512,20070830,
01-06A,BWP,BWP6,R. armeniacus,R. armeniacus,343,193,4775,cut,11,red,24,39.77605,-121.75242,20070830,
01-06B,BWP,BWP7,R. ursinus,R. ursinus,340,147,Run_MAJSEQUENCER_2008-03-09_17-25_4717,uncut,9,blue,24,39.77662,-121.75217,20070830,
01-06C,BWP,BWP8,R. pensilvanicus?,R. pensilvanicus,356,3926,Run_MAJSEQUENCER_2008-03-09_17-25_4717,cut,19,magenta,24,39.77215,-121.76202,20070830,
01-06D,BWP,BWP9,R. pensilvanicus?,R. pensilvanicus,356,1085,Run_MAJSEQUENCER_2008-03-09_17-25_4717,cut,19,magenta,24,39.77215,-121.76202,20070830,
01-06E,BWP,BWP10,hybrid pen x urs,R. ursinus x pensilvanicus,331,705,Run_MAJSEQUENCER_2008-03-09_17-25_4717,uncut,3,blue,24,39.77232,-121.76235,20070830,
01-06F,BWP,BWP11,hybrid pen x urs,R. ursinus x pensilvanicus,331,3997,Run_MAJSEQUENCER_2008-03-09_17-25_4717,uncut,3,blue,24,39.7721,-121.7625,20070830,6-7 leaflets
01-06G,BWP,BWP12,R. pensilvanicus?,R. pensilvanicus,356,801,Run_MAJSEQUENCER_2008-03-09_17-25_4717,cut,19,magenta,24,39.7721,-121.7625,20070830,
01-06H,BWP,BWP13,hybrid?,R. armeniacus,343,7784,Run_MAJSEQUENCER_2008-04-04_09-52_4802,cut,11,red,24,39.7721,-121.7625,20070830,
01-07A,BWP,BWP14,R. ursinus,R. ursinus,331,1691,Run_MAJSEQUENCER_2008-04-04_09-52_4802,uncut,3,blue,24,39.77213,-121.7629,20070830,
01-07B,BWP,BWP15,R. armeniacus,R. armeniacus,343,33,Run_MAJSEQUENCER_2008-03-09_17-25_4718,cut,11,red,24,39.77198,-121.76332,20070830,
01-07C,BWP,BWP16,R. armeniacus,R. armeniacus,343,51,4775,cut,11,red,24,39.77205,-121.77312,20070830,
01-07D,BWP,BWP17,R. armeniacus,R. armeniacus,343,2021,Run_MAJSEQUENCER_2008-03-09_17-25_4718,cut,11,red,24,39.7715,-121.77248,20070830,
01-07E,BWP,BWP18,R. pensilvanicus?,R. pensilvanicus,356,1414,Run_MAJSEQUENCER_2008-03-09_17-25_4718,cut,19,magenta,24,39.77135,-121.77193,20070830,
01-07F,PLV,PLV1,R. armeniacus,R. armeniacus,343,4889,Run_MAJSEQUENCER_2008-03-09_17-25_4718,cut,11,red,19,38.73958,-120.8116,20070907,
01-07G,PLV,PLV2,R. armeniacus,R. armeniacus,343,4624,Run_MAJSEQUENCER_2008-03-09_17-25_4718,cut,11,red,19,38.76792,-120.82257,20070907,
01-07H,PLV,PLV3,R. armeniacus,R. armeniacus,343,2660,Run_MAJSEQUENCER_2008-03-09_17-25_4718,cut,11,red,19,38.76792,-120.82468,20070907,
01-08A,PLV,PLV4,R. ulmifolius,R. anglocandicans,346,810,Run_MAJSEQUENCER_2008-03-09_17-25_4718,cut,13,red,19,38.76768,-120.82455,20070907,Glossy leaves. serration and spine spacing differe
01-08B,PLV,PLV5,R. armeniacus,R. armeniacus,343,2008,Run_MAJSEQUENCER_2008-03-09_17-25_4718,cut,11,red,19,38.76798,-120.82452,20070907,
01-08C,PLV,PLV6,R. armeniacus,R. armeniacus,343,4317,Run_MAJSEQUENCER_2008-03-09_17-25_4718,cut,11,red,19,38.76755,-120.82445,20070907,
01-08D,PLV,PLV7,R. armeniacus,R. armeniacus,343,2533,Run_MAJSEQUENCER_2008-03-09_17-25_4718,cut,11,red,19,38.76747,-120.82433,20070907,
01-08E,PLV,PLV8,R. armeniacus,R. armeniacus,343,3580,Run_MAJSEQUENCER_2008-03-09_17-25_4718,cut,11,red,19,38.76712,-120.82427,20070907,
01-08F,PLV,PLV9,R. armeniacus,R. armeniacus,343,160,4775,cut,11,red,19,38.76685,-120.82413,20070907,
01-08G,PLV,PLV10,R. ursinus,R. ursinus,331,1891,Run_MAJSEQUENCER_2008-03-09_17-25_4718,uncut,3,blue,19,38.70813,-120.81258,20070907,
01-08H,PLV,PLV11,R. armeniacus,R. armeniacus,343,3042,Run_MAJSEQUENCER_2008-03-09_17-25_4718,cut,11,red,19,38.7082,-120.8125,20070907,
01-09A,PLV,PLV12,R. ursinus,R. ursinus,331,7893,Run_MAJSEQUENCER_2008-03-09_17-25_4719,uncut,3,blue,19,38.70815,-120.81273,20070907,
01-09B,PLV,PLV13,R. armeniacus,R. armeniacus,343,4506,Run_MAJSEQUENCER_2008-03-09_17-25_4719,cut,11,red,19,38.70815,-120.81273,20070907,
01-09C,PLV,PLV14,R. armeniacus,R. armeniacus,343,3444,Run_MAJSEQUENCER_2008-03-09_17-25_4719,cut,11,red,19,38.70827,-120.81298,20070907,
01-09D,PLV,PLV15,R. armeniacus,R. armeniacus,343,7559,Run_MAJSEQUENCER_2008-03-09_17-25_4719,cut,11,red,19,38.7083,-120.813,20070907,
01-09E,PLV,PLV16,R. ursinus,R. ursinus,331,3496,Run_MAJSEQUENCER_2008-03-09_17-25_4719,uncut,3,blue,19,38.70827,-120.81307,20070907,
01-09F,PLV,PLV17,R. laciniatus,R. laciniatus,346,5556,Run_MAJSEQUENCER_2008-03-09_17-25_4719,cut,13,red,19,38.76378,-120.74695,20070907,
01-09G,PLV,PLV18,hybrid?,Loganberry,331,5360,Run_MAJSEQUENCER_2008-03-09_17-25_4719,uncut,3,blue,19,38.7476,-120.7384,20070907,outer edge of curve in road
01-09H,PLV,PLV19,hybrid?,Loganberry,331,3477,Run_MAJSEQUENCER_2008-03-09_17-25_4719,uncut,3,blue,19,38.74752,-120.7384,20070907,
01-10A,PLV,PLV20,R. armeniacus,R. armeniacus,343,584,Run_MAJSEQUENCER_2008-03-09_17-25_4719,cut,11,red,19,38.7475,-120.73847,20070907,
01-10B,CSP,CSP1,R. ursinus,R. ursinus,346,7913,Run_MAJSEQUENCER_2008-03-09_17-25_4719,uncut,13,blue,10,37.69503,-121.18203,20070920,
01-10C,CSP,CSP2,hybrid?,R. ursinus x armeniacus,346,6412,Run_MAJSEQUENCER_2008-04-04_09-52_4802,uncut,13,blue,10,37.69502,-121.18207,20070920,
01-10D,CSP,CSP3,R. ursinus,R. ursinus,346,7000,Run_MAJSEQUENCER_2008-03-09_17-25_4719,uncut,13,blue,10,37.695,-121.18217,20070920,
01-10E,CSP,CSP4,hybrid?,R. ursinus x armeniacus,346,5418,Run_MAJSEQUENCER_2008-03-09_17-25_4719,uncut,13,blue,10,37.69477,-121.18235,20070920,
01-10F,CSP,CSP5,R. ursinus,R. ursinus,346,2590,Run_MAJSEQUENCER_2008-03-09_17-25_4719,uncut,13,blue,10,37.69482,-121.18245,20070920,
01-10G,CSP,CSP6,hybrid?,R. ursinus x armeniacus,346,66,Run_MAJSEQUENCER_2008-03-09_17-25_4719,uncut,13,blue,10,37.69482,-121.18245,20070920,
01-10H,CSP,CSP7,R. armeniacus,R. armeniacus,343,7738,Run_MAJSEQUENCER_2008-03-09_17-25_4719,cut,11,red,10,37.6948,-121.18253,20070920,
01-11A,CSP,CSP8,R. ursinus,R. ursinus,349,31,Run_MAJSEQUENCER_2008-03-09_17-25_4720,uncut,14,blue,10,37.6946,-121.18275,20070920,
01-11B,CSP,CSP9,R. ursinus?,R. ursinus,346,36,Run_MAJSEQUENCER_2008-03-09_17-25_4720,uncut,13,blue,10,37.6942,-121.18305,20070920,
01-11C,CSP,CSP10,R. ursinus,R. ursinus,346,2927,Run_MAJSEQUENCER_2008-03-09_17-25_4720,uncut,13,blue,10,37.69423,-121.18322,20070920,
01-11D,CSP,CSP11,R. ursinus,R. ursinus,331,7909,Run_MAJSEQUENCER_2008-03-09_17-25_4720,uncut,3,blue,10,37.69403,-121.18363,20070920,
01-11E,ARP,ARP1,R. armeniacus,R. armeniacus,343,7838,Run_MAJSEQUENCER_2008-03-09_17-25_4720,cut,11,red,17,38.59118,-121.33238,20071217,
01-11F,ARP,ARP2,hybrid?,R. armeniacus,343,7905,Run_MAJSEQUENCER_2008-03-09_17-25_4720,cut,11,red,17,38.59118,-121.33238,20071217,
01-11G,ARP,ARP3,R. armeniacus,R. armeniacus,343,7686,Run_MAJSEQUENCER_2008-03-09_17-25_4720,cut,11,red,17,38.59088,-121.3324,20071217,
01-11H,ARP,ARP4,R. armeniacus,R. armeniacus,343,7598,Run_MAJSEQUENCER_2008-03-09_17-25_4720,cut,11,red,17,38.59062,-121.33243,20071217,
01-12A,ARP,ARP5,R. armeniacus,R. armeniacus,343,2542,Run_MAJSEQUENCER_2008-03-09_17-25_4720,cut,11,red,17,38.5908,-121.33257,20071217,
01-12B,ARP,ARP6,R. ursinus,R. ursinus,346,4370,Run_MAJSEQUENCER_2008-03-09_17-25_4720,uncut,13,blue,17,38.58928,-121.33163,20071217,
01-12C,ARP,ARP7,R. armeniacus,R. armeniacus,343,7978,Run_MAJSEQUENCER_2008-03-09_17-25_4720,cut,11,red,17,38.5891,-121.33297,20071217,
01-12D,ARP,ARP8,R. armeniacus,R. armeniacus,343,6771,Run_MAJSEQUENCER_2008-03-09_17-25_4720,cut,11,red,17,38.58963,-121.33308,20071217,
01-12E,ARP,ARP9,R. armeniacus,R. armeniacus,343,5022,Run_MAJSEQUENCER_2008-03-09_17-25_4720,cut,11,red,17,38.59007,-121.33257,20071217,
01-12F,ARP,ARP10,R. armeniacus,R. armeniacus,343,7886,Run_MAJSEQUENCER_2008-03-09_17-25_4720,cut,11,red,17,38.59167,-121.33178,20071217,
01-12G,ARP,ARP11,R. armeniacus,R. armeniacus,343,7623,Run_MAJSEQUENCER_2008-03-09_17-25_4720,cut,11,red,17,38.59207,-121.33208,20071217,
02-01A,CTF,CTF1,R. armeniacus,R. armeniacus,343,7824,Run_MAJSEQUENCER_2008-03-11_09-57_4731,cut,11,red,12,38.26607,-121.41055,20071221,
02-01B,CTF,CTF2,R. armeniacus,R. armeniacus,343,6962,Run_MAJSEQUENCER_2008-03-11_09-57_4731,cut,11,red,12,38.26587,-121.41055,20071221,
02-01C,CTF,CTF3,R. armeniacus,R. armeniacus,343,7882,Run_MAJSEQUENCER_2008-03-11_09-57_4731,,11,black,12,38.26563,-121.41055,20071221,
02-01D,CTF,CTF4,R. armeniacus,R. armeniacus,343,7784,Run_MAJSEQUENCER_2008-03-11_09-57_4731,cut,11,red,12,38.26542,-121.41052,20071221,
02-01E,CTF,CTF5,R. ursinus,R. ursinus,331,7890,Run_MAJSEQUENCER_2008-03-11_09-57_4731,uncut,3,blue,12,38.26522,-121.41053,20071221,
02-01F,CTF,CTF6,R. armeniacus,R. armeniacus,343,7130,Run_MAJSEQUENCER_2008-03-11_09-57_4731,cut,11,red,12,38.26522,-121.41052,20071221,
02-01G,CTF,CTF7,R. ursinus,R. ursinus,331,7858,Run_MAJSEQUENCER_2008-03-11_09-57_4731,uncut,3,blue,12,38.26503,-121.4105,20071221,
02-01H,CTF,CTF8,R. ursinus,R. ursinus,331,7358,Run_MAJSEQUENCER_2008-03-11_09-57_4731,uncut,3,blue,12,38.26493,-121.41053,20071221,
02-02A,CTF,CTF9,R. armeniacus,R. armeniacus,343,7563,Run_MAJSEQUENCER_2008-03-11_09-57_4731,cut,11,red,12,38.26485,-121.41053,20071221,
02-02B,CTF,CTF10,R. armeniacus,R. armeniacus,343,7766,Run_MAJSEQUENCER_2008-03-11_09-57_4731,cut,11,red,12,38.26965,-121.41257,20071221,
02-02C,CTF,CTF11,R. armeniacus,R. armeniacus,343,7755,Run_MAJSEQUENCER_2008-03-11_09-57_4731,cut,11,red,12,38.2696,-121.40828,20071221,
02-02D,CTF,CTF12,R. armeniacus,R. armeniacus,343,7839,Run_MAJSEQUENCER_2008-03-11_09-57_4731,cut,11,red,12,38.26963,-121.40765,20071221,
02-02E,CTF,CTF13,R. armeniacus,R. armeniacus,343,5334,Run_MAJSEQUENCER_2008-03-11_09-57_4731,cut,11,red,12,38.26962,-121.40687,20071221,
02-02F,CTF,CTF14,R. armeniacus,R. armeniacus,343,7752,Run_MAJSEQUENCER_2008-03-11_09-57_4731,cut,11,red,12,38.26963,-121.4062,20071221,
02-02G,CTF,CTF15,R. ursinus?,R. ursinus,331,483,Run_MAJSEQUENCER_2008-03-11_09-57_4731,uncut,3,blue,12,38.26758,-121.40713,20071221,had lobes towards 5 leaflets
02-03A,CTF,CTF17,R. ursinus,R. ursinus,346,7816,Run_MAJSEQUENCER_2008-03-11_09-57_4732,uncut,13,blue,12,38.26568,-121.4084,20071221,
02-03B,CTF,CTF18,R. armeniacus,R. armeniacus,343,7706,Run_MAJSEQUENCER_2008-03-11_09-57_4732,cut,11,red,12,38.26538,-121.40845,20071221,
02-03C,CTF,CTF19,R. ursinus,R. ursinus,331,7969,Run_MAJSEQUENCER_2008-03-11_09-57_4732,uncut,3,blue,12,38.26508,-121.4086,20071221,
02-03D,CTF,CTF20,R. armeniacus,R. armeniacus,343,7659,Run_MAJSEQUENCER_2008-03-11_09-57_4732,cut,11,red,12,38.2649,-121.40858,20071221,
02-03E,CTF,CTF21,R. ursinus,R. ursinus,346,1530,Run_MAJSEQUENCER_2008-03-11_09-57_4732,uncut,13,blue,12,38.26467,-121.40872,20071221,
02-03F,CTF,CTF22,R. armeniacus,R. armeniacus,343,7221,Run_MAJSEQUENCER_2008-03-11_09-57_4732,cut,11,red,12,38.26435,-121.40873,20071221,
02-03G,CTF,CTF23,R. ursinus,R. ursinus,331,6216,Run_MAJSEQUENCER_2008-03-11_09-57_4732,uncut,3,blue,12,38.26408,-121.40855,20071221,
02-03H,CTF,CTF24,R. armeniacus,R. armeniacus,343,7779,Run_MAJSEQUENCER_2008-03-11_09-57_4732,cut,11,red,12,38.26393,-121.40857,20071221,
02-04A,CTF,CTF25,R. ursinus,R. ursinus,331,7690,Run_MAJSEQUENCER_2008-03-11_09-57_4732,uncut,3,blue,12,38.26368,-121.40848,20071221,
02-04B,CTF,CTF26,R. ursinus,R. ursinus,331,353,Run_MAJSEQUENCER_2008-03-11_09-57_4732,uncut,3,blue,12,38.26355,-121.40842,20071221,
02-04C,CTF,CTF27,R. armeniacus,R. armeniacus,343,7186,Run_MAJSEQUENCER_2008-03-11_09-57_4732,cut,11,red,12,38.26355,-121.40842,20071221,
02-04D,CTF,CTF28,R. ursinus,R. ursinus,331,3500,Run_MAJSEQUENCER_2008-03-11_09-57_4732,uncut,3,blue,12,38.2633,-121.40842,20071221,
02-04E,CTF,CTF29,R. armeniacus,R. armeniacus,343,6893,Run_MAJSEQUENCER_2008-03-11_09-57_4732,cut,11,red,12,38.26327,-121.40842,20071221,
02-04F,CTF,CTF30,R. armeniacus,R. armeniacus,343,1707,Run_MAJSEQUENCER_2008-03-11_09-57_4732,cut,11,red,12,38.26298,-121.40857,20071221,
02-05A,ARP,ARP12,thornless cultivar,R. ulmifolius var. inermis,346,7666,Run_MAJSEQUENCER_2008-07-11_17-27_5081,cut,13,red,17,38.59865,-121.47293,20080504,voucher taken from same mound
02-05B,ARP,ARP13,thornless cultivar,R. ulmifolius var. inermis,346,7844,Run_MAJSEQUENCER_2008-07-11_17-27_5081,cut,13,red,17,38.59878,-121.47272,20080504,
02-05C,ARP,ARP14,thornless cultivar,R. ulmifolius var. inermis,346,4245,Run_MAJSEQUENCER_2008-07-11_17-27_5081,cut,13,red,17,38.59887,-121.4729,20080504,
02-05D,ARP,ARP15,thornless cultivar,R. ulmifolius var. inermis,346,358,Run_MAJSEQUENCER_2008-10-27_10-12_5344,cut,13,red,17,38.59877,-121.47308,20080504,
02-05E,ARP,ARP16,R. armeniacus,R. armeniacus,343,7377,Run_MAJSEQUENCER_2008-07-11_17-27_5081,cut,11,red,17,38.63223,-121.26968,20080504,voucher taken
02-05F,ARP,ARP17,R. armeniacus,R. armeniacus,343,7675,Run_MAJSEQUENCER_2008-07-11_17-27_5081,cut,11,red,17,38.63192,-121.2705,20080504,
02-05G,ARP,ARP18,R. armeniacus,R. armeniacus,343,7524,Run_MAJSEQUENCER_2008-07-11_17-27_5081,cut,11,red,17,38.63205,-121.27098,20080504,
02-05H,ARP,ARP19,R. armeniacus,R. armeniacus,343,6950,Run_MAJSEQUENCER_2008-07-11_17-27_5081,cut,11,red,17,38.63182,-121.27133,20080504,
02-06A,ARP,ARP20,R. armeniacus,R. armeniacus,343,7594,Run_MAJSEQUENCER_2008-07-11_17-27_5081,cut,11,red,17,38.63168,-121.27158,20080504,deeply toothed. has orange rust
02-06B,ARP,ARP21,R. armeniacus,R. armeniacus,343,6044,Run_MAJSEQUENCER_2008-07-11_17-27_5081,cut,11,red,17,38.6314,-121.27197,20080504,
02-06C,ARP,ARP22,R. ursinus,R. ursinus,331,7942,Run_MAJSEQUENCER_2008-07-11_17-27_5081,uncut,3,blue,17,38.6314,-121.27197,20080504,voucher taken
02-06D,ARP,ARP23,R. armeniacus,R. armeniacus,343,7756,Run_MAJSEQUENCER_2008-07-11_17-27_5081,cut,11,red,17,38.6317,-121.26872,20080504,
02-06E,ARP,ARP24,R. armeniacus,R. armeniacus,343,5615,Run_MAJSEQUENCER_2008-07-11_17-27_5081,cut,11,red,17,38.63015,-121.26928,20080504,
02-06F,ARP,ARP25,hybrid?,R. armeniacus,343,7042,Run_MAJSEQUENCER_2008-07-11_17-27_5081,cut,11,red,17,38.62983,-121.26968,20080504,voucher taken
02-06G,ARP,ARP26,R. armeniacus,R. armeniacus,343,7421,Run_MAJSEQUENCER_2008-07-11_17-27_5081,cut,11,red,17,38.6298,-121.27032,20080504,
02-06H,ARP,ARP27,R. armeniacus,R. armeniacus,343,7519,Run_MAJSEQUENCER_2008-07-11_17-27_5081,cut,11,red,17,38.63045,-121.27015,20080504,
02-07A,CSP,CSP13,R. ursinus,R. ursinus,346,7817,Run_MAJSEQUENCER_2008-07-11_17-27_5082,uncut,13,blue,10,37.69565,-121.18252,20080508,
02-07B,CSP,CSP15,R. ursinus,R. ursinus,346,7820,Run_MAJSEQUENCER_2008-07-11_17-27_5082,uncut,13,blue,10,37.69565,-121.18252,20080508,
02-07C,CSP,CSP18,R. ursinus,R. ursinus,346,7740,Run_MAJSEQUENCER_2008-07-11_17-27_5082,uncut,13,blue,10,37.69547,-121.18273,20080508,seedling
02-07D,CSP,CSP19,R. ursinus,R. ursinus,346,2949,Run_MAJSEQUENCER_2008-07-11_17-27_5082,,13,black,10,37.69547,-121.18273,20080508,seedling
02-07E,CSP,CSP20,R. ursinus,R. ursinus,346,7843,Run_MAJSEQUENCER_2008-07-11_17-27_5082,uncut,13,blue,10,37.69563,-121.18273,20080508,shrub. towards 5 leaflets
02-07F,CSP,CSP21,R. ursinus,R. ursinus,346,7333,Run_MAJSEQUENCER_2008-07-11_17-27_5082,uncut,13,blue,10,37.69553,-121.18272,20080508,voucher taken
02-07G,CSP,CSP22,R. ursinus,R. ursinus,346,3518,Run_MAJSEQUENCER_2008-07-11_17-27_5082,uncut,13,blue,10,37.69582,-121.18242,20080508,voucher taken
02-08A,CSP,CSP23,R. ursinus,R. ursinus,346,7769,Run_MAJSEQUENCER_2008-07-11_17-27_5082,uncut,13,blue,10,37.696,-121.18213,20080508,
02-08B,CSP,CSP24,R. ursinus?,R. ursinus,346,3835,Run_MAJSEQUENCER_2008-07-11_17-27_5082,uncut,13,blue,10,37.696,-121.18213,20080508,weird
02-08C,CSP,CSP25,R. ursinus,R. ursinus,346,3515,Run_MAJSEQUENCER_2008-07-11_17-27_5082,uncut,13,blue,10,37.69628,-121.18228,20080508,
02-08D,CSP,CSP26,R. ursinus,R. ursinus,346,3857,Run_MAJSEQUENCER_2008-07-11_17-27_5082,uncut,13,blue,10,37.69623,-121.18237,20080508,
02-08E,CSP,CSP27,R. ursinus,R. ursinus,346,5705,Run_MAJSEQUENCER_2008-07-11_17-27_5082,uncut,13,blue,10,37.6962,-121.18238,20080508,
02-08F,CSP,CSP28,R. ursinus,R. ursinus,331,7850,Run_MAJSEQUENCER_2008-07-11_17-27_5082,uncut,3,blue,10,37.6939,-121.1841,20080508,
02-08G,CSP,CSP29,R. ursinus,R. ursinus,331,7659,Run_MAJSEQUENCER_2008-07-11_17-27_5082,uncut,3,blue,10,37.69375,-121.18422,20080508,
02-08H,CSP,CSP30,R. ursinus,R. ursinus,331,7598,Run_MAJSEQUENCER_2008-07-11_17-27_5082,uncut,3,blue,10,37.69388,-121.18455,20080508,
02-09A,CSP,CSP31,R. ursinus,R. ursinus,331,7514,Run_MAJSEQUENCER_2008-07-11_17-27_5083,uncut,3,blue,10,37.69375,-121.1844,20080508,
02-09B,CSP,CSP32,R. ursinus,R. ursinus,331,7269,Run_MAJSEQUENCER_2008-07-11_17-27_5083,uncut,3,blue,10,37.69365,-121.18445,20080508,
02-09C,CSP,CSP33,R. ursinus,R. ursinus,331,1132,Run_MAJSEQUENCER_2008-07-11_17-27_5083,uncut,3,blue,10,37.69363,-121.18448,20080508,
02-09D,CSP,CSP34,R. ursinus,R. ursinus,331,5426,Run_MAJSEQUENCER_2008-07-11_17-27_5083,uncut,3,blue,10,37.69342,-121.18447,20080508,
02-09E,CSP,CSP35,R. ursinus,R. ursinus,331,5786,Run_MAJSEQUENCER_2008-07-11_17-27_5083,uncut,3,blue,10,37.6933,-121.1844,20080508,
02-09F,CSP,CSP36,R. ursinus,R. ursinus,331,4695,Run_MAJSEQUENCER_2008-07-11_17-27_5083,uncut,3,blue,10,37.69323,-121.18443,20080508,
02-09G,CSP,CSP37,R. ursinus,R. ursinus,331,7554,Run_MAJSEQUENCER_2008-07-11_17-27_5083,uncut,3,blue,10,37.69318,-121.18445,20080508,
02-09H,CSP,CSP38,R. ursinus,R. ursinus,331,4792,Run_MAJSEQUENCER_2008-07-11_17-27_5083,,3,black,10,37.69292,-121.18452,20080508,
02-10A,CSP,CSP39,R. ursinus,R. ursinus,331,5085,Run_MAJSEQUENCER_2008-07-11_17-27_5083,uncut,3,blue,10,37.69267,-121.18432,20080508,
02-10B,CSP,CSP2A,hybrid,R. ursinus x armeniacus,346,3067,Run_MAJSEQUENCER_2008-07-11_17-27_5083,uncut,13,blue,10,37.69495,-121.18213,20080508,voucher and cuttings taken
02-10C,CSP,CSP6A,hybrid,R. ursinus x armeniacus,346,6872,Run_MAJSEQUENCER_2008-07-11_17-27_5083,uncut,13,blue,10,37.69462,-121.18248,20080508,voucher and cuttings taken
02-10D,ARP,ARP28,R. armeniacus,inbred R. armeniacus,343,4959,Run_MAJSEQUENCER_2008-07-11_17-27_5083,cut,11,red,17,38.60297,-121.31293,20080520,voucher taken
02-10E,ARP,ARP29,R. armeniacus,inbred R. armeniacus,343,5481,Run_MAJSEQUENCER_2008-07-11_17-27_5083,cut,11,red,17,38.60302,-121.31295,20080520,voucher taken
02-10F,ARP,ARP30,R. armeniacus,R. armeniacus,343,4450,Run_MAJSEQUENCER_2008-07-11_17-27_5083,cut,11,red,17,38.60378,-121.31395,20080520,
02-10G,ARP,ARP31,R. armeniacus,inbred R. armeniacus,343,5512,Run_MAJSEQUENCER_2008-07-11_17-27_5083,cut,11,red,17,38.60435,-121.31345,20080520,
02-10H,ARP,ARP32,R. armeniacus,R. armeniacus,343,6393,Run_MAJSEQUENCER_2008-07-11_17-27_5083,cut,11,red,17,38.60447,-121.313,20080520,
02-11A,ARP,ARP33,R. ursinus,R. ursinus,346,4532,Run_MAJSEQUENCER_2008-11-18_17-27_5414,uncut,13,blue,17,38.60507,-121.31215,20080520,voucher taken
02-11B,ARP,ARP34,R. armeniacus,R. armeniacus,343,7577,Run_MAJSEQUENCER_2008-07-11_17-27_5084,cut,11,red,17,38.6068,-121.30935,20080520,
02-11C,ARP,ARP35,R. armeniacus,R. armeniacus,343,7473,Run_MAJSEQUENCER_2008-07-11_17-27_5084,cut,11,red,17,38.6079,-121.30793,20080520,
02-11D,ARP,ARP36,R. ursinus,R. ursinus,346,5028,Run_MAJSEQUENCER_2008-07-11_17-27_5084,uncut,13,blue,17,38.60902,-121.30613,20080520,
02-11E,ARP,ARP37,hybrid?,R. armeniacus,343,3876,Run_MAJSEQUENCER_2008-07-11_17-27_5084,cut,11,red,17,38.6092,-121.3059,20080520,voucher taken
02-11F,ARP,ARP38,R. ursinus?,R. ursinus,346,6436,Run_MAJSEQUENCER_2008-07-11_17-27_5084,uncut,13,blue,17,38.6092,-121.30593,20080520,
02-11G,ARP,ARP39,R. armeniacus,R. armeniacus,343,7086,Run_MAJSEQUENCER_2008-07-11_17-27_5084,cut,11,red,17,38.60923,-121.30593,20080520,
02-11H,ARP,ARP40,R. ursinus,R. ursinus,346,7739,Run_MAJSEQUENCER_2008-07-11_17-27_5084,uncut,13,blue,17,38.60935,-121.30567,20080520,
02-12A,ARP,ARP41,R. armeniacus,R. armeniacus,343,3601,Run_MAJSEQUENCER_2008-07-11_17-27_5084,cut,11,red,17,38.60952,-121.30545,20080520,
02-12B,GTN,GTN1,R. armeniacus?,R. armeniacus,343,6345,Run_MAJSEQUENCER_2008-10-27_10-12_5345,cut,11,red,8,37.31322,-120.85673,20080523,voucher taken
02-12C,DNV,DNV1,R. armeniacus,R. armeniacus,343,7682,Run_MAJSEQUENCER_2008-07-11_17-27_5084,cut,11,red,23,39.51947,-121.00192,20080527,voucher taken
02-12D,DNV,DNV2,R. armeniacus,R. armeniacus,343,7681,Run_MAJSEQUENCER_2008-07-11_17-27_5084,cut,11,red,23,39.51955,-121.00198,20080527,
02-12E,DNV,DNV3,R. armeniacus,R. armeniacus,343,5843,Run_MAJSEQUENCER_2008-07-11_17-27_5084,cut,11,red,23,39.51927,-121.00217,20080527,floricane; 5 leaflets only elsewhere on shrub
02-12F,DNV,DNV4,R. armeniacus,R. armeniacus,343,7696,Run_MAJSEQUENCER_2008-07-11_17-27_5084,cut,11,red,23,39.51942,-121.00127,20080527,
02-12G,DNV,DNV5,R. armeniacus,R. armeniacus,343,7488,Run_MAJSEQUENCER_2008-07-11_17-27_5084,cut,11,red,23,39.5194,-121.00133,20080527,shoots on injured stem
02-12H,DNV,DNV6,R. armeniacus,R. armeniacus,343,7789,Run_MAJSEQUENCER_2008-07-11_17-27_5084,cut,11,red,23,39.51952,-121.00125,20080527,
03-01A,DNV,DNV7,R. armeniacus,R. armeniacus,343,76,Run_MAJSEQUENCER_2008-07-11_17-27_5073,cut,11,red,23,39.51932,-121.00107,20080527,
03-01B,DNV,DNV8,R. armeniacus,R. armeniacus,343,7707,Run_MAJSEQUENCER_2008-07-11_17-27_5073,cut,11,red,23,39.51925,-121.00067,20080527,
03-01C,DNV,DNV9,R. armeniacus,R. armeniacus,343,612,Run_MAJSEQUENCER_2008-07-11_17-27_5073,cut,11,red,23,39.51923,-121.0003,20080527,
03-01D,DNV,DNV10,R. armeniacus,R. armeniacus,343,7766,Run_MAJSEQUENCER_2008-07-11_17-27_5073,cut,11,red,23,39.51922,-121.0005,20080527,
03-01E,DNV,DNV11,R. armeniacus,R. armeniacus,343,984,Run_MAJSEQUENCER_2008-07-11_17-27_5073,cut,11,red,23,39.51922,-121.0005,20080527,"Red stem, weird"
03-01F,BWP,BWP19,R. pensilvanicus?,R. pensilvanicus,356,7390,Run_MAJSEQUENCER_2008-07-11_17-27_5073,cut,19,magenta,24,39.77223,-121.76055,20080530,voucher taken
03-01G,BWP,BWP20,R. armeniacus,R. armeniacus,343,7222,Run_MAJSEQUENCER_2008-07-11_17-27_5073,cut,11,red,24,39.77228,-121.76065,20080530,voucher taken
03-01H,BWP,BWP21,R. pensilvanicus?,R. pensilvanicus,356,3275,Run_MAJSEQUENCER_2008-07-11_17-27_5073,cut,19,magenta,24,39.77225,-121.76193,20080530,
03-02A,BWP,BWP22,hybrid pen x urs,R. ursinus x pensilvanicus,331,134,Run_MAJSEQUENCER_2008-07-11_17-27_5073,uncut,3,blue,24,39.77222,-121.76242,20080530,voucher taken
03-02B,BWP,BWP23,hybrid pen x urs,R. ursinus x pensilvanicus,331,61,Run_MAJSEQUENCER_2008-07-11_17-27_5073,uncut,3,blue,24,39.77213,-121.76252,20080603,BWP 10/11?
03-02C,BWP,BWP24,R. armeniacus,R. armeniacus,343,247,Run_MAJSEQUENCER_2008-07-11_17-27_5073,cut,11,red,24,39.77215,-121.76257,20080603,BWP13?
03-02D,BWP,BWP25,R. pensilvanicus?,R. pensilvanicus,356,6950,Run_MAJSEQUENCER_2008-07-11_17-27_5073,cut,19,magenta,24,39.77215,-121.76252,20080603,BWP 8/9/12?
03-02E,BWP,BWP26,R. ursinus,R. ursinus x pensilvanicus,331,1098,Run_MAJSEQUENCER_2008-07-11_17-27_5073,uncut,3,blue,24,39.77215,-121.76262,20080603,voucher taken
03-02F,BWP,BWP27,R. ursinus,R. ursinus,346,5607,Run_MAJSEQUENCER_2008-07-11_17-27_5073,uncut,13,blue,24,39.77215,-121.76282,20080603,
03-02G,BWP,BWP28,R. armeniacus,R. armeniacus,343,5217,Run_MAJSEQUENCER_2008-07-11_17-27_5073,cut,11,red,24,39.77177,-121.76363,20080603,floricane
03-02H,BWP,BWP29,R. armeniacus,R. armeniacus,343,257,Run_MAJSEQUENCER_2008-07-11_17-27_5073,cut,11,red,24,39.77063,-121.7659,20080603,
03-03A,BWP,BWP30,R. armeniacus,R. armeniacus,343,72,Run_MAJSEQUENCER_2008-07-11_17-27_5074,cut,11,red,24,39.77098,-121.77037,20080603,
03-03B,BWP,BWP31,R. armeniacus,R. armeniacus,343,6234,Run_MAJSEQUENCER_2008-07-11_17-27_5074,cut,11,red,24,39.77113,-121.77067,20080603,
03-03C,BWP,BWP32,R. armeniacus,R. armeniacus,343,7465,Run_MAJSEQUENCER_2008-07-11_17-27_5074,cut,11,red,24,39.77113,-121.77092,20080603,floricane
03-03D,BWP,BWP33,R. ursinus,R. ursinus,331,282,Run_MAJSEQUENCER_2008-07-11_17-27_5074,uncut,3,blue,24,39.77125,-121.77113,20080603,
03-03E,DVS,DVS1,Boysenberry,Boysenberry,331,6666,Run_MAJSEQUENCER_2008-07-11_17-27_5074,uncut,3,blue,15,38.54275,-121.76622,20080605,"experimental college garden, 7 leaflets"
03-03F,GHR,GHR1,R. ursinus,R. ursinus,394,3670,Run_MAJSEQUENCER_2008-07-11_17-27_5074,uncut,22,blue,9,37.35102,-120.95885,20080606,voucher taken
03-03G,GHR,GHR2,R. ursinus,R. ursinus,394,6282,Run_MAJSEQUENCER_2008-07-11_17-27_5074,uncut,22,blue,9,37.35093,-120.9591,20080606,
03-03H,GHR,GHR3,R. ursinus,R. ursinus,394,7904,Run_MAJSEQUENCER_2008-07-11_17-27_5074,uncut,22,blue,9,37.35117,-120.95935,20080606,
03-04A,GHR,GHR4,R. ursinus,R. ursinus,394,377,Run_MAJSEQUENCER_2008-07-11_17-27_5074,uncut,22,blue,9,37.3513,-120.95948,20080606,voucher taken
03-04B,GHR,GHR5,R. ursinus,R. ursinus,394,2266,Run_MAJSEQUENCER_2008-10-27_10-12_5346,uncut,22,blue,9,37.35128,-120.95962,20080606,floricane producing fruit
03-04C,GHR,GHR6,R. ursinus,R. ursinus,386,3871,Run_MAJSEQUENCER_2008-07-11_17-27_5074,uncut,33,blue,9,37.35125,-120.95962,20080606,floricane with male flowers
03-04D,GHR,GHR7,R. ursinus,R. ursinus,394,5787,Run_MAJSEQUENCER_2008-07-11_17-27_5074,uncut,22,blue,9,37.35133,-120.95967,20080606,
03-04E,GHR,GHR8,R. ursinus,R. ursinus,394,2639,Run_MAJSEQUENCER_2008-07-11_17-27_5074,uncut,22,blue,9,37.35148,-120.95985,20080606,
03-04F,GHR,GHR9,R. ursinus,R. ursinus,394,3796,Run_MAJSEQUENCER_2008-07-11_17-27_5074,uncut,22,blue,9,37.35157,-120.95987,20080606,
03-04G,GHR,GHR10,R. ursinus,R. ursinus,331,3813,Run_MAJSEQUENCER_2008-07-11_17-27_5074,uncut,3,blue,9,37.35167,-120.96015,20080606,
03-04H,GHR,GHR11,R. ursinus,R. ursinus,346,7812,Run_MAJSEQUENCER_2008-07-11_17-27_5074,uncut,13,blue,9,37.3516,-120.96062,20080606,
03-05A,GHR,GHR12,R. ursinus,R. ursinus,346,2621,Run_MAJSEQUENCER_2008-07-11_17-27_5075,uncut,13,blue,9,37.35165,-120.96065,20080606,
03-05B,GHR,GHR13,R. ursinus,R. ursinus,394,4749,Run_MAJSEQUENCER_2008-07-11_17-27_5075,uncut,22,blue,9,37.35168,-120.96072,20080606,
03-05C,GHR,GHR14,R. ursinus,R. ursinus,394,281,Run_MAJSEQUENCER_2008-07-11_17-27_5075,uncut,22,blue,9,37.35165,-120.9608,20080606,
03-05D,DVS,DVS2,Boysenberry,Boysenberry,331,6228,Run_MAJSEQUENCER_2008-07-11_17-27_5075,uncut,3,blue,15,38.5433,-121.76673,20080609,"fruiting. Orchard Park Comm. Garden, vouch 6/17"
03-05E,DVS,DVS3,R. armeniacus,R. armeniacus,343,5910,Run_MAJSEQUENCER_2008-07-11_17-27_5075,cut,11,red,15,38.54332,-121.76675,20080609,Orchard Park Comm. Garden. vouch 6/17
03-05F,DVS,DVS4,Boysenberry,Boysenberry,331,7995,Run_MAJSEQUENCER_2008-07-11_17-27_5075,uncut,3,blue,15,38.54273,-121.76577,20080609,Experimental Coll. Comm. Garden
03-05G,DVS,DVS5,R. armeniacus,R. armeniacus,343,4154,Run_MAJSEQUENCER_2008-07-11_17-27_5075,cut,11,red,15,38.54292,-121.76428,20080609,
03-05H,DVS,DVS6,Boysenberry,Boysenberry,331,3892,Run_MAJSEQUENCER_2008-07-11_17-27_5075,uncut,3,blue,15,38.54125,-121.76405,20080609,fence by Colleges @ La Rue
03-06A,DVS,DVS7,Boysenberry,Boysenberry,331,354,Run_MAJSEQUENCER_2008-07-11_17-27_5075,uncut,3,blue,15,38.5387,-121.76403,20090609,Student Experimental Farm
03-06B,FHD,FHD1,R. armeniacus,R. armeniacus,343,439,Run_MAJSEQUENCER_2008-07-11_17-27_5075,cut,11,red,21,38.96357,-120.9325,20080610,
03-06C,FHD,FHD2,R. armeniacus,R. armeniacus,343,6580,Run_MAJSEQUENCER_2008-07-11_17-27_5075,cut,11,red,21,38.96258,-120.93272,20080610,voucher taken
03-06D,FHD,FHD3,R. armeniacus,R. armeniacus,343,4801,Run_MAJSEQUENCER_2008-07-11_17-27_5075,cut,11,red,21,38.96338,-120.93292,20080610,
03-06E,FHD,FHD4,R. armeniacus,R. armeniacus,343,7696,Run_MAJSEQUENCER_2008-07-11_17-27_5075,cut,11,red,21,38.96348,-120.93292,20080610,
03-06F,FHD,FHD5,R. armeniacus,R. armeniacus,343,7797,Run_MAJSEQUENCER_2008-07-11_17-27_5075,cut,11,red,21,38.96357,-120.9167,20080610,
03-06G,FHD,FHD6,R. armeniacus,R. armeniacus,343,6138,Run_MAJSEQUENCER_2008-07-11_17-27_5075,cut,11,red,21,38.96735,-120.95163,20080610,
03-06H,FHD,FHD7,R. armeniacus,R. armeniacus,343,7379,Run_MAJSEQUENCER_2008-07-11_17-27_5075,cut,11,red,21,38.96743,-120.95173,20080610,young
03-07A,FHD,FHD8,R. armeniacus,R. armeniacus,343,7606,Run_MAJSEQUENCER_2008-07-11_17-27_5076,cut,11,red,21,38.9693,-120.95125,20080610,young
03-07B,FHD,FHD9,R. armeniacus,R. armeniacus,343,5826,Run_MAJSEQUENCER_2008-07-11_17-27_5076,cut,11,red,21,38.96937,-120.95122,20080610,
03-07C,FHD,FHD10,R. armeniacus,R. armeniacus,343,6693,Run_MAJSEQUENCER_2008-07-11_17-27_5076,cut,11,red,21,38.96992,-120.95178,20080610,young
03-07D,SFD,SFD1,R. ursinus,R. ursinus,331,7978,Run_MAJSEQUENCER_2008-07-11_17-27_5076,uncut,3,blue,11,38.00958,-122.71192,20080617,voucher taken
03-07E,SFD,SFD2,R. ursinus,R. ursinus,331,4052,Run_MAJSEQUENCER_2008-07-11_17-27_5076,uncut,3,blue,11,38.01035,-122.71232,20080617,
03-07F,SFD,SFD3,R. ursinus,R. ursinus,331,3633,Run_MAJSEQUENCER_2008-07-11_17-27_5076,,3,black,11,38.01025,-122.71233,20080617,simple leaf. 3 lobes
03-07G,SFD,SFD4,R. ursinus,R. ursinus,331,7679,Run_MAJSEQUENCER_2008-07-11_17-27_5076,uncut,3,blue,11,38.01042,-122.71238,20080617,simple leaf. 3 lobes
03-07H,SFD,SFD5,R. ursinus,R. ursinus,331,6367,Run_MAJSEQUENCER_2008-07-11_17-27_5076,uncut,3,blue,11,38.01163,-122.71355,20080617,
03-08A,SFD,SFD6,R. armeniacus,R. armeniacus,343,300,Run_MAJSEQUENCER_2008-07-11_17-27_5076,cut,11,red,11,38.02268,-122.73435,20080617,floricane. weird looking. voucher taken
03-08B,SFD,SFD7,R. ursinus,R. ursinus,331,4637,Run_MAJSEQUENCER_2008-07-11_17-27_5076,uncut,3,blue,11,38.02238,-122.73457,20080617,
03-08C,SFD,SFD8,R. ursinus,R. ursinus,331,4292,Run_MAJSEQUENCER_2008-07-11_17-27_5076,uncut,3,blue,11,38.02293,-122.73438,20080617,
03-08D,SFD,SFD9,R. ursinus,R. ursinus,331,3920,Run_MAJSEQUENCER_2008-07-11_17-27_5076,uncut,3,blue,11,38.02317,-122.73435,20080617,
03-08E,SFD,SFD10,R. ursinus,R. ursinus,331,7803,Run_MAJSEQUENCER_2008-07-11_17-27_5076,uncut,3,blue,11,38.02992,-122.74107,20080617,
03-08F,SFD,SFD11,R. ursinus,R. ursinus,331,6257,Run_MAJSEQUENCER_2008-07-11_17-27_5076,uncut,3,blue,11,38.02997,-122.74098,20080617,
03-08G,SFD,SFD12,R. ursinus,R. ursinus,331,5799,Run_MAJSEQUENCER_2008-07-11_17-27_5076,uncut,3,blue,11,37.99727,-122.75813,20080617,Next to bathroom at 5Brooks Trailhd.  Prickly
03-08H,SFD,SFD13,R. ursinus,R. ursinus,331,7773,Run_MAJSEQUENCER_2008-07-11_17-27_5076,uncut,3,blue,11,37.99795,-122.75862,20080617,
03-09A,SFD,SFD14,R. armeniacus,R. armeniacus,343,7606,Run_MAJSEQUENCER_2008-07-11_17-27_5077,cut,11,red,11,37.9977,-122.7589,20080617,
03-09B,SFD,SFD15,R. ursinus,R. ursinus,331,7862,Run_MAJSEQUENCER_2008-07-11_17-27_5077,uncut,3,blue,11,37.9977,-122.75888,20080617,
03-09C,SFD,SFD16,R. ursinus,R. ursinus,331,6554,Run_MAJSEQUENCER_2008-07-11_17-27_5077,uncut,3,blue,11,37.99797,-122.75902,20080617,
03-09D,SFD,SFD17,R. ursinus,R. ursinus,331,7664,Run_MAJSEQUENCER_2008-07-11_17-27_5077,uncut,3,blue,11,37.99813,-122.75922,20080617,
03-09E,SFD,SFD18,R. ursinus,R. ursinus,331,4450,Run_MAJSEQUENCER_2008-07-11_17-27_5077,uncut,3,blue,11,37.99825,-122.7593,20080617,
03-09F,SFD,SFD19,R. ursinus,R. ursinus,331,6925,Run_MAJSEQUENCER_2008-07-11_17-27_5077,uncut,3,blue,11,37.99843,-122.75947,20080617,
03-09G,SFD,SFD20,R. ursinus,R. ursinus,331,7690,Run_MAJSEQUENCER_2008-07-11_17-27_5077,uncut,3,blue,11,37.99847,-122.75957,20080617,
03-09H,SFD,SFD21,R. ursinus,R. ursinus,331,6256,Run_MAJSEQUENCER_2008-07-11_17-27_5077,uncut,3,blue,11,37.99867,-122.7597,20080617,
03-10A,SFD,SFD22,R. ursinus,R. ursinus,331,7953,Run_MAJSEQUENCER_2008-10-27_10-12_5346,uncut,3,blue,11,37.99873,-122.75993,20080617,
03-10B,SFD,SFD23,R. ursinus,R. ursinus,331,1711,Run_MAJSEQUENCER_2008-07-11_17-27_5077,uncut,3,blue,11,37.99883,-122.76015,20080617,
03-10C,SFD,SFD24,R. ursinus,R. ursinus,331,7851,Run_MAJSEQUENCER_2008-07-11_17-27_5077,uncut,3,blue,11,37.9989,-122.76037,20080617,
03-10D,SFD,SFD25,R. ursinus,R. ursinus,331,1831,Run_MAJSEQUENCER_2008-07-11_17-27_5077,uncut,3,blue,11,37.99895,-122.76043,20080617,
03-10E,SFD,SFD26,R. armeniacus,R. armeniacus,343,6590,Run_MAJSEQUENCER_2008-07-11_17-27_5077,cut,11,red,11,37.99892,-122.76032,20080617,
03-10F,SFD,SFD27,R. ursinus,R. ursinus,331,7942,Run_MAJSEQUENCER_2008-07-11_17-27_5077,uncut,3,blue,11,37.999,-122.7604,20080617,
03-10G,CFX,CFX17,R. armeniacus,R. armeniacus,343,4582,Run_MAJSEQUENCER_2008-07-11_17-27_5077,cut,11,red,22,39.10562,-120.94747,20080620,voucher taken
03-10H,CFX,CFX18,R. armeniacus,R. armeniacus,343,4895,Run_MAJSEQUENCER_2008-07-11_17-27_5077,cut,11,red,22,39.10562,-120.94712,20080620,
03-11A,CFX,CFX19,R. armeniacus,R. armeniacus,343,42,Run_MAJSEQUENCER_2008-07-11_17-27_5078,cut,11,red,22,39.10567,-120.9471,20080620,
03-11B,CFX,CFX20,R. armeniacus?,R. armeniacus,343,6012,Run_MAJSEQUENCER_2008-07-11_17-27_5078,cut,11,red,22,39.1059,-120.9471,20080620,voucher taken
03-11C,CFX,CFX21,R. armeniacus,R. armeniacus,343,7595,Run_MAJSEQUENCER_2008-07-11_17-27_5078,cut,11,red,22,39.10587,-120.94705,20080620,
03-11D,CFX,CFX22,R. armeniacus?,R. armeniacus,343,4410,Run_MAJSEQUENCER_2008-07-11_17-27_5078,cut,11,red,22,39.10597,-120.94703,20080620,
03-11E,CFX,CFX23,R. armeniacus,R. armeniacus,343,4086,Run_MAJSEQUENCER_2008-07-11_17-27_5078,cut,11,red,22,39.10612,-120.94702,20080620,
03-11F,CFX,CFX24,R. armeniacus,R. armeniacus,343,5188,Run_MAJSEQUENCER_2008-07-11_17-27_5078,cut,11,red,22,39.10628,-120.9469,20080620,
03-11G,CFX,CFX25,R. armeniacus,R. armeniacus,343,5866,Run_MAJSEQUENCER_2008-07-11_17-27_5078,cut,11,red,22,39.10647,-120.94672,20080620,
03-11H,CFX,CFX26,R. armeniacus,R. armeniacus,343,6792,Run_MAJSEQUENCER_2008-07-11_17-27_5078,cut,11,red,22,39.10652,-120.94663,20080620,
03-12A,CFX,CFX27,R. armeniacus?,R. armeniacus,343,2642,Run_MAJSEQUENCER_2008-10-27_10-12_5346,cut,11,red,22,39.10653,-120.94667,20080620,
03-12B,CFX,CFX28,R. armeniacus?,R. armeniacus,343,7723,Run_MAJSEQUENCER_2008-07-11_17-27_5078,cut,11,red,22,39.10675,-120.94652,20080620,
03-12C,CFX,CFX29,R. armeniacus,R. armeniacus,343,8055,Run_MAJSEQUENCER_2008-07-11_17-27_5078,cut,11,red,22,39.10688,-120.94648,20080620,
03-12D,CFX,CFX30,R. armeniacus,R. armeniacus,343,8121,Run_MAJSEQUENCER_2008-07-11_17-27_5078,cut,11,red,22,39.10707,-120.94642,20080620,
03-12E,CFX,CFX31,R. armeniacus,R. armeniacus,343,6572,Run_MAJSEQUENCER_2008-07-11_17-27_5078,cut,11,red,22,39.1072,-120.94627,20080620,
03-12F,CFX,CFX32,R. armeniacus,R. armeniacus,343,7624,Run_MAJSEQUENCER_2008-07-11_17-27_5078,cut,11,red,22,39.10725,-120.94608,20080620,
03-12G,CFX,CFX33,R. armeniacus,R. armeniacus,343,7298,Run_MAJSEQUENCER_2008-07-11_17-27_5078,cut,11,red,22,39.10727,-120.94598,20080620,
03-12H,CFX,CFX34,R. armeniacus?,R. armeniacus,343,7430,Run_MAJSEQUENCER_2008-07-11_17-27_5078,cut,11,red,22,39.10738,-120.94587,20080620,
04-01A,CFX,CFX35,R. armeniacus,R. armeniacus,343,7483,Run_MAJSEQUENCER_2008-07-11_17-27_5079,cut,11,red,22,39.10742,-120.94577,20080620,
04-01B,CFX,CFX36,R. armeniacus,R. armeniacus,343,7574,Run_MAJSEQUENCER_2008-07-11_17-27_5079,cut,11,red,22,0,0,20080620,
04-01C,CFX,CFX37,R. armeniacus,R. armeniacus,343,7516,Run_MAJSEQUENCER_2008-07-11_17-27_5079,cut,11,red,22,0,0,20080620,
04-01D,CFX,CFX38,R. armeniacus,R. armeniacus,343,6383,Run_MAJSEQUENCER_2008-07-11_17-27_5079,cut,11,red,22,0,0,20080620,
04-01E,CFX,CFX39,hybrid?,R. armeniacus,343,7711,Run_MAJSEQUENCER_2008-07-11_17-27_5079,cut,11,red,22,39.10782,-120.94543,20080620,high prickle density
04-01F,CFX,CFX40,R. armeniacus,R. armeniacus,343,7585,Run_MAJSEQUENCER_2008-07-11_17-27_5079,cut,11,red,22,39.108,-120.9454,20080620,
04-01G,DVS,DVS8,Boysenberery,Boysenberery,331,848,Run_MAJSEQUENCER_2008-07-11_17-27_5079,uncut,3,blue,15,0,0,20080626,Student Experimental Farm. unknown origin
04-01H,DVS,DVS9,R. idaeus,R. idaeus,333,3669,Run_MAJSEQUENCER_2008-07-11_17-27_5079,cut,5,magenta,15,0,0,20080626,Student Experimental Farm
04-02A,SDW,SDW1,R. ursinus,R. ursinus,375,1259,Run_MAJSEQUENCER_2008-07-11_17-27_5079,uncut,20,blue,2,0,0,20080623,mailed in moist paper towel
04-02B,KRC,KRC1,R. armeniacus,R. anglocandicans,346,5439,Run_MAJSEQUENCER_2008-07-11_17-27_5079,cut,13,red,25,40.02148,-124.00643,20080623,voucher taken
04-02C,KRC,KRC2,R. ursinus,R. ursinus,331,6854,Run_MAJSEQUENCER_2008-07-11_17-27_5079,uncut,3,blue,25,40.02153,-124.0064,20080623,voucher taken
04-02D,KRC,KRC3,R. ursinus,R. ursinus,331,7839,Run_MAJSEQUENCER_2008-07-11_17-27_5079,uncut,3,blue,25,40.02185,-124.00632,20080623,
04-02E,KRC,KRC4,R. ursinus,R. ursinus,353,7801,Run_MAJSEQUENCER_2008-07-11_17-27_5079,uncut,18,blue,25,40.02183,-124.00635,20080623,
04-02F,KRC,KRC5,R. ursinus,R. ursinus,331,7846,Run_MAJSEQUENCER_2008-07-11_17-27_5079,uncut,3,blue,25,40.02175,-124.00613,20080623,
04-02G,KRC,KRC6,R. ursinus,R. ursinus,353,7350,Run_MAJSEQUENCER_2008-07-11_17-27_5079,uncut,18,blue,25,40.02162,-124.00603,20080623,voucher taken
04-02H,KRC,KRC7,R. ursinus,R. ursinus,353,7737,Run_MAJSEQUENCER_2008-07-11_17-27_5079,uncut,18,blue,25,40.02127,-124.0058,20080623,
04-03A,KRC,KRC8,R. ursinus,R. ursinus,353,7802,Run_MAJSEQUENCER_2008-07-11_17-27_5080,uncut,18,blue,25,40.02128,-124.00587,20080623,
04-03B,KRC,KRC9,R. ursinus,R. ursinus,331,6933,Run_MAJSEQUENCER_2008-07-11_17-27_5080,uncut,3,blue,25,40.0211,-124.00567,20080623,
04-03C,KRC,KRC10,R. ursinus,R. ursinus,353,7647,Run_MAJSEQUENCER_2008-07-11_17-27_5080,uncut,18,blue,25,40.02092,-124.00547,20080623,
04-03D,KRC,KRC11,R. ursinus,R. ursinus,353,3966,Run_MAJSEQUENCER_2008-07-11_17-27_5080,uncut,18,blue,25,40.02095,-124.00555,20080623,
04-03E,KRC,KRC12,R. ursinus,R. ursinus,353,5836,Run_MAJSEQUENCER_2008-07-11_17-27_5080,uncut,18,blue,25,40.02072,-124.00535,20080623,
04-03F,KRC,KRC13,R. ursinus,R. ursinus,353,2508,Run_MAJSEQUENCER_2008-07-11_17-27_5080,uncut,18,blue,25,40.02037,-124.00523,20080623,
04-03G,KRC,KRC14,R. ursinus,R. ursinus,353,5744,Run_MAJSEQUENCER_2008-07-11_17-27_5080,uncut,18,blue,25,40.0205,-124.00515,20080623,
04-03H,KRC,KRC15,R. ursinus,R. ursinus,331,7682,Run_MAJSEQUENCER_2008-07-11_17-27_5080,uncut,3,blue,25,40.02038,-124.00503,20080623,
04-04A,KRC,KRC16,R. ursinus,R. ursinus,331,7715,Run_MAJSEQUENCER_2008-07-11_17-27_5080,uncut,3,blue,25,40.02145,-124.00595,20080623,
04-04B,KRC,KRC17,R. ursinus,R. ursinus,331,5432,Run_MAJSEQUENCER_2008-07-11_17-27_5080,uncut,3,blue,25,40.02138,-124.00595,20080623,
04-04C,KRC,KRC18,R. ursinus,R. ursinus,331,7955,Run_MAJSEQUENCER_2008-07-11_17-27_5080,uncut,3,blue,25,40.02138,-124.00593,20080623,
04-04D,KRC,KRC19,R. ursinus,R. ursinus,353,2542,Run_MAJSEQUENCER_2008-07-11_17-27_5080,uncut,18,blue,25,40.02077,-124.006,20080623,
04-04E,KRC,KRC20,R. ursinus,R. ursinus,353,2434,Run_MAJSEQUENCER_2008-07-11_17-27_5080,uncut,18,blue,25,40.02135,-124.00605,20080623,
04-04F,KRC,KRC21,R. ursinus,R. ursinus,331,7864,Run_MAJSEQUENCER_2008-07-11_17-27_5080,uncut,3,blue,25,40.02108,-124.00575,20080624,
04-04G,KRC,KRC22,R. ursinus,R. ursinus,353,6956,Run_MAJSEQUENCER_2008-07-11_17-27_5080,uncut,18,blue,25,40.02088,-124.00572,20080624,
04-04H,KRC,KRC23,R. ursinus,R. ursinus,331,7183,Run_MAJSEQUENCER_2008-07-11_17-27_5080,uncut,3,blue,25,40.02118,-124.00603,20080624,
04-05A,KRC,KRC24,R. ursinus,R. ursinus,353,7792,Run_MAJSEQUENCER_2008-10-27_10-12_5343,uncut,18,blue,25,40.02,-124.00478,20080624,
04-05B,KRC,KRC25,R. ursinus,R. ursinus,353,7901,Run_MAJSEQUENCER_2008-10-27_10-12_5343,uncut,18,blue,25,40.02015,-124.0047,20080624,
04-05C,KRC,KRC26,R. armeniacus,R. armeniacus,343,7703,Run_MAJSEQUENCER_2008-10-27_10-12_5343,cut,11,red,25,40.02015,-124.00467,20080624,
04-05D,KRC,KRC27,R. ursinus,R. ursinus,353,7981,Run_MAJSEQUENCER_2008-10-27_10-12_5343,uncut,18,blue,25,40.02018,-124.00443,20080624,
04-05E,KRC,KRC28,R. ursinus,R. ursinus,353,8751,Run_MAJSEQUENCER_2008-10-27_10-12_5343,uncut,18,blue,25,40.01993,-124.00433,20080624,
04-05F,KRC,KRC29,R. ursinus,R. ursinus,353,8024,Run_MAJSEQUENCER_2008-10-27_10-12_5343,uncut,18,blue,25,40.01988,-124.00442,20080624,
04-05G,KRC,KRC30,R. ursinus,R. ursinus,353,5759,Run_MAJSEQUENCER_2008-10-27_10-12_5343,uncut,18,blue,25,40.01962,-124.00437,20080624,
04-05H,BBG,BBG1,'Navajo' thornless blackberry,'Navajo' thornless blackberry,343,7779,Run_MAJSEQUENCER_2008-10-27_10-12_5343,cut,11,red,0,0,0,20080701,
04-06A,BBG,BBG2,R. allegheniensis,R. allegheniensis,333,7648,Run_MAJSEQUENCER_2008-10-27_10-12_5343,cut,5,magenta,0,0,0,20080701,
04-06B,BBG,BBG3,R. oderatus,R. oderatus,334,7704,Run_MAJSEQUENCER_2008-10-27_10-12_5343,cut,6,magenta,0,0,0,20080701,
04-06C,BBG,BBG4,R. ideaus 'Heritage',R. ideaus 'Heritage',333,7905,Run_MAJSEQUENCER_2008-10-27_10-12_5343,cut,5,magenta,0,0,0,20080701,
04-06D,COP,COP1,,R. ursinus,331,8485,Run_MAJSEQUENCER_2008-10-27_10-12_5343,uncut,3,blue,1,0,0,20080620,site 14. westside oak lower understory
04-06E,COP,COP2,,R. ursinus x pensilvanicus,331,8025,Run_MAJSEQUENCER_2008-10-27_10-12_5343,uncut,3,blue,1,0,0,20080620,oak understory
04-06F,COP,COP3,,R. ursinus x pensilvanicus,331,8407,Run_MAJSEQUENCER_2008-10-27_10-12_5343,uncut,3,blue,1,0,0,20080620,west side cottonwood understory
04-06G,COP,COP4,,R. ursinus,331,7939,Run_MAJSEQUENCER_2008-10-27_10-12_5343,uncut,3,blue,1,0,0,20080620,west side cottonwood understory
04-06H,COP,COP5,,R. ursinus,331,8369,Run_MAJSEQUENCER_2008-10-27_10-12_5343,uncut,3,blue,1,0,0,20080620,oak understory
04-07A,COP,COP6,,R. ursinus x pensilvanicus,331,8260,Run_MAJSEQUENCER_2008-10-27_10-12_5344,uncut,3,blue,1,0,0,20080620,oak understory
04-07B,COP,COP7,,R. ursinus,331,7849,Run_MAJSEQUENCER_2008-10-27_10-12_5344,uncut,3,blue,1,0,0,20080620,oak understory
04-07C,COP,COP8,,R. ursinus,331,8042,Run_MAJSEQUENCER_2008-10-27_10-12_5344,uncut,3,blue,1,0,0,20080620,west side cottonwood understory
04-07D,COP,COP9,,R. ursinus,331,7980,Run_MAJSEQUENCER_2008-10-27_10-12_5344,uncut,3,blue,1,0,0,20080620,oak understory
04-07E,COP,COP10,,R. ursinus,330,7938,Run_MAJSEQUENCER_2008-10-27_10-12_5344,uncut,2,blue,1,0,0,20080620,west side cottonwood understory
04-07F,COP,COP11,,R. ursinus,331,7965,Run_MAJSEQUENCER_2008-10-27_10-12_5344,uncut,3,blue,1,0,0,20080620,west side cottonwood understory
04-07G,COP,COP12,,R. ursinus,331,7816,Run_MAJSEQUENCER_2008-10-27_10-12_5344,uncut,3,blue,1,0,0,20080620,west side cottonwood understory
04-07H,COP,COP13,,R. ursinus x pensilvanicus,331,7884,Run_MAJSEQUENCER_2008-10-27_10-12_5344,uncut,3,blue,1,0,0,20080620,Venico Road
04-08A,COP,COP14,,R. ursinus x pensilvanicus,331,7815,Run_MAJSEQUENCER_2008-10-27_10-12_5344,uncut,3,blue,1,0,0,20080620,oak understory
04-08B,COP,COP15,,R. ursinus x pensilvanicus,331,8020,Run_MAJSEQUENCER_2008-10-27_10-12_5344,uncut,3,blue,1,0,0,20080620,oak understory
04-08C,COP,COP16,,R. ursinus x pensilvanicus,331,8022,Run_MAJSEQUENCER_2008-10-27_10-12_5344,uncut,3,blue,1,0,0,20080620,cypress row
04-08D,COP,COP17,,R. ursinus,331,8021,Run_MAJSEQUENCER_2008-10-27_10-12_5344,uncut,3,blue,1,0,0,20080620,oak understory
04-08E,COP,COP18,,R. ursinus x pensilvanicus,331,8042,Run_MAJSEQUENCER_2008-10-27_10-12_5344,uncut,3,blue,1,0,0,20080620,fallen eucalyptus
04-08F,COP,COP28,,R. ursinus,331,6054,Run_MAJSEQUENCER_2008-10-27_10-12_5344,uncut,3,blue,1,0,0,20080620,site 14. west upper oak understory
04-08G,COP,COP34,,R. ursinus x pensilvanicus,331,7835,Run_MAJSEQUENCER_2008-10-27_10-12_5344,uncut,3,blue,1,0,0,20080620,site 5 A cottonwood-trail intersection
04-09F,PAR,PAR19,R. ursinus,R. ursinus,375,5383,Run_MAJSEQUENCER_2008-11-13_14-57_5402,uncut,20,blue,3,0,0,20080805,Paradise Res
04-09G,PAR,PAR22,R. ursinus,R. ursinus,375,896,Run_MAJSEQUENCER_2008-11-13_14-57_5402,uncut,20,blue,3,0,0,20080805,Paradise Res
04-09H,PAR,PAR26,R. ursinus,R. ursinus,375,2392,Run_MAJSEQUENCER_2008-11-13_14-57_5402,uncut,20,blue,3,0,0,20080805,Paradise Res
04-10A,PAR,PAR30,R. ursinus,R. ursinus,375,1114,Run_MAJSEQUENCER_2008-11-13_14-57_5402,uncut,20,blue,3,0,0,20080805,Paradise Res
04-10B,PAR,PAR31,R. ursinus,R. ursinus,375,1135,Run_MAJSEQUENCER_2008-11-13_14-57_5402,uncut,20,blue,3,0,0,20080805,Paradise Res
04-10C,PAR,PAR33,R. ursinus,R. ursinus,375,787,Run_MAJSEQUENCER_2008-11-13_14-57_5402,uncut,20,blue,3,0,0,20080805,Paradise Res
04-10D,PAR,PAR36,R. ursinus,R. ursinus,375,8551,Run_MAJSEQUENCER_2008-11-18_17-27_5414,uncut,20,blue,3,0,0,20080805,Paradise Res
04-10E,PAR,PAR40,R. ursinus,R. ursinus,375,8445,Run_MAJSEQUENCER_2008-11-18_17-27_5414,uncut,20,blue,3,0,0,20080805,Paradise Res
05-01A,MGH,MGH4,R. ursinus,R. ursinus,330,149,Run_MAJSEQUENCER_2009-12-12_14-28_5908,uncut,2,blue,7,37.16533,-121.65538,20090410,
05-01B,MGH,MGH5,hybrid?,R. armeniacus,343,230,Run_MAJSEQUENCER_2009-11-19_17-39_5858,cut,11,red,7,37.16533,-121.65538,20090410,
05-01C,MGH,MGH6,R. ursinus,R. ursinus,332,1507,Run_MAJSEQUENCER_2009-11-19_17-39_5858,uncut,4,blue,7,37.16518,-121.65543,20090410,
05-01D,MGH,MGH7,R. armeniacus,R. armeniacus,343,269,Run_MAJSEQUENCER_2009-11-19_17-39_5858,cut,11,red,7,37.16518,-121.65543,20090410,
05-01E,MGH,MGH8,R. armeniacus,R. armeniacus,343,415,Run_MAJSEQUENCER_2009-11-19_17-39_5858,cut,11,red,7,37.16518,-121.65543,20090410,
05-01F,MGH,MGH10,R. ursinus,R. ursinus,333,645,Run_MAJSEQUENCER_2009-11-19_17-39_5858,uncut,5,blue,7,37.16507,-121.65662,20090410,
05-01G,MGH,MGH11,R. ursinus,R. ursinus,333,1740,Run_MAJSEQUENCER_2009-11-19_17-39_5858,uncut,5,blue,7,37.16555,-121.65882,20090410,
05-01H,MGH,MGH12,R. ursinus,R. ursinus,333,703,Run_MAJSEQUENCER_2009-11-19_17-39_5858,uncut,5,blue,7,37.16668,-121.65938,20090410,
05-02A,MGH,MGH13,R. ursinus,R. ursinus,333,191,Run_MAJSEQUENCER_2009-11-19_17-39_5858,uncut,5,blue,7,37.16707,-121.65967,20090410,
05-02B,MGH,MGH14,R. ursinus,R. ursinus,333,109,Run_MAJSEQUENCER_2009-11-19_17-39_5858,uncut,5,blue,7,37.16707,-121.65967,20090410,
05-02C,MGH,MGH15,R. ursinus,R. ursinus,332,476,Run_MAJSEQUENCER_2009-11-19_17-39_5858,uncut,4,blue,7,37.16747,-121.66002,20090410,
05-02D,MGH,MGH16,R. armeniacus,R. armeniacus,343,1649,Run_MAJSEQUENCER_2009-11-19_17-39_5858,cut,11,red,7,37.16827,-121.66273,20090410,
05-02E,MGH,MGH17,R. armeniacus,R. armeniacus,343,744,Run_MAJSEQUENCER_2009-11-19_17-39_5858,cut,11,red,7,37.22568,-121.74827,20090410,off of Metcalf
05-02F,MGH,MGH9,R. ursinus,R. ursinus,333,413,Run_MAJSEQUENCER_2009-11-19_17-39_5858,uncut,5,blue,7,37.22427,-121.7468,20090410,
05-02G,DVS,DVS25,R. ursinus,R. ursinus,331,669,Run_MAJSEQUENCER_2009-11-19_17-39_5858,uncut,3,blue,15,38.54327,-121.70182,20090422,voucher taken.  Female flowers bagged here.
05-02H,DVS,DVS16,R. armeniacus,R. armeniacus,343,1512,Run_MAJSEQUENCER_2009-11-19_17-39_5858,cut,11,red,15,38.54337,-121.70195,20090422,
05-03A,DVS,DVS17,R. ursinus,R. ursinus,330,985,Run_MAJSEQUENCER_2009-12-12_14-28_5908,uncut,2,blue,15,38.54367,-121.7017,20090422,male. big mound growing on fence
05-03B,DVS,DVS18,R. ursinus,R. ursinus,331,535,Run_MAJSEQUENCER_2009-11-19_17-39_5859,uncut,3,blue,15,38.54363,-121.70142,20090422,female. bagged buds here too.
05-03C,DVS,DVS19,R. ursinus,R. ursinus,332,654,Run_MAJSEQUENCER_2009-11-19_17-39_5859,uncut,4,blue,15,38.5436,-121.70065,20090422,male
05-03D,DVS,DVS20,R. ursinus,R. ursinus,333,525,Run_MAJSEQUENCER_2009-11-19_17-39_5859,uncut,5,blue,15,38.54362,-121.70542,20090422,male
05-03E,DVS,DVS21,R. ursinus,R. ursinus,332,630,Run_MAJSEQUENCER_2009-11-19_17-39_5859,uncut,4,blue,15,38.54358,-121.69948,20090422,male
05-03F,DVS,DVS22,R. ursinus,R. ursinus,333,800,Run_MAJSEQUENCER_2009-11-19_17-39_5859,uncut,5,blue,15,38.54352,-121.699,20090422,male
05-03G,DVS,DVS23,R. armeniacus?,R. armeniacus,342,1102,Run_MAJSEQUENCER_2009-12-16_23-34_5919,cut,10,red,15,38.55,-121.7,20090413,From Annie. in Putah Creek Park.
05-03H,DVS,DVS24,R. ursinus,R. ursinus,330,123,Run_MAJSEQUENCER_2009-12-16_23-34_5919,uncut,2,blue,15,38.55,-121.7,20090413,From Annie. in Putah Creek Park
05-04A,CMB,CMB1,R. ursinus,R. ursinus,333,1127,Run_MAJSEQUENCER_2009-11-19_17-39_5859,uncut,5,blue,4,35.5503,-121.08533,20090425,voucher taken.  Male.
05-04B,CMB,CMB2,R. ursinus,R. ursinus,332,1645,Run_MAJSEQUENCER_2009-11-19_17-39_5859,uncut,4,blue,4,35.55065,-121.08052,20090425,male
05-04C,CMB,CMB3,R. armeniacus,R. armeniacus,343,578,Run_MAJSEQUENCER_2009-11-19_17-39_5859,cut,11,red,4,35.55113,-121.07542,20090425,voucher taken
05-04D,CMB,CMB4,R. ursinus,R. ursinus,332,492,Run_MAJSEQUENCER_2009-11-19_17-39_5859,uncut,4,blue,4,35.56867,-121.10462,20090425,female
05-04E,CMB,CMB5,R. ursinus,R. ursinus,330,4898,Run_MAJSEQUENCER_2009-12-16_23-34_5919,uncut,2,blue,4,35.56917,-121.10585,20090425,female
05-04F,CMB,CMB6,R. ursinus,R. ursinus,332,306,Run_MAJSEQUENCER_2009-11-19_17-39_5859,uncut,4,blue,4,35.56903,-121.10607,20090425,male
05-04G,CMB,CMB7,R. ursinus,R. ursinus,331,635,Run_MAJSEQUENCER_2009-11-19_17-39_5859,uncut,3,blue,4,35.56907,-121.10657,20090425,
05-04H,CMB,CMB8,R. ursinus,R. ursinus,332,462,Run_MAJSEQUENCER_2009-11-19_17-39_5859,uncut,4,blue,4,35.56913,-121.10703,20090425,female
05-05A,CMB,CMB9,R. ursinus,R. ursinus,330,328,Run_MAJSEQUENCER_2009-12-12_14-28_5908,uncut,2,blue,4,35.56897,-121.10575,20090425,male
05-05B,CMB,CMB10,R. ursinus,R. ursinus,331,203,Run_MAJSEQUENCER_2009-11-19_17-39_5860,uncut,3,blue,4,35.56922,-121.10793,20090425,female
05-05C,CMB,CMB11,R. ursinus,R. ursinus,330,2132,Run_MAJSEQUENCER_2009-12-16_23-34_5919,uncut,2,blue,4,35.56922,-121.10825,20090425,female
05-05D,CMB,CMB12,R. ursinus,R. ursinus,330,2876,Run_MAJSEQUENCER_2009-12-16_23-34_5919,uncut,2,blue,4,35.5692,-121.10848,20090425,
05-05E,CMB,CMB13,R. ursinus,R. ursinus,332,284,Run_MAJSEQUENCER_2009-11-19_17-39_5860,uncut,4,blue,4,35.56923,-121.10853,20090425,male
05-05F,CMB,CMB14,R. ursinus,R. ursinus,333,1190,Run_MAJSEQUENCER_2009-11-19_17-39_5860,uncut,5,blue,4,35.56923,-121.10865,20090425,male
05-05G,CMB,CMB15,R. ursinus,R. ursinus,330,741,Run_MAJSEQUENCER_2009-12-16_23-34_5919,uncut,2,blue,4,35.56923,-121.109,20090425,
05-05H,CMB,CMB16,R. ursinus,R. ursinus,332,587,Run_MAJSEQUENCER_2009-11-19_17-39_5860,uncut,4,blue,4,35.56925,-121.1091,20090425,female
05-06A,CMB,CMB17,R. ursinus,R. ursinus,332,132,Run_MAJSEQUENCER_2009-11-19_17-39_5860,uncut,4,blue,4,35.56923,-121.10913,20090425,
05-06B,CMB,CMB18,R. ursinus,R. ursinus,330,1010,Run_MAJSEQUENCER_2009-12-16_23-34_5919,uncut,2,blue,4,35.56925,-121.10932,20090425,male
05-06C,CMB,CMB19,R. ursinus,R. ursinus,330,517,Run_MAJSEQUENCER_2009-12-16_23-34_5919,uncut,2,blue,4,35.56923,-121.10962,20090425,
05-06D,CMB,CMB20,R. ursinus,R. ursinus,332,65,Run_MAJSEQUENCER_2009-11-19_17-39_5860,uncut,4,blue,4,35.56918,-121.10967,20090425,
05-06E,CSR,CSR1,R. armeniacus,R. anglocandicans,346,406,Run_MAJSEQUENCER_2009-11-19_17-39_5860,cut,13,red,28,42.65963,-122.69972,20090815,voucher collected
05-06F,CSR,CSR2,R. ursinus,R. ursinus,350,247,Run_MAJSEQUENCER_2009-12-16_23-34_5920,uncut,15,blue,28,42.66005,-122.7002,20090815,voucher collected
05-06G,CSR,CSR3,R. armeniacus,R. armeniacus,343,191,Run_MAJSEQUENCER_2009-11-19_17-39_5860,cut,11,red,28,42.6601,-122.7003,20090815,
05-06H,CSR,CSR4,R. ursinus,R. ursinus,351,187,Run_MAJSEQUENCER_2009-11-19_17-39_5860,uncut,16,blue,28,42.66032,-122.70065,20090815,
05-07A,CSR,CSR5,R. ursinus,R. ursinus,345,689,Run_MAJSEQUENCER_2009-12-16_23-34_5920,uncut,12,blue,28,42.6601,-122.70043,20090815,lobed leaves in the direction of 5 leaflets
05-07B,CSR,CSR6,R. armeniacus,inbred R. armeniacus,343,199,Run_MAJSEQUENCER_2009-11-19_17-39_5861,cut,11,red,28,42.66008,-122.70077,20090815,
05-07C,CSR,CSR7,R. armeniacus,R. armeniacus,343,317,Run_MAJSEQUENCER_2009-11-19_17-39_5861,cut,11,red,28,42.66012,-122.70095,20090815,
05-07E,CSR,CSR9,R. armeniacus,R. armeniacus,343,206,Run_MAJSEQUENCER_2009-11-19_17-39_5861,cut,11,red,28,42.6601,-122.70102,20090815,stem only slightly angular
05-07F,CSR,CSR10,R. ursinus,R. ursinus,330,1423,Run_MAJSEQUENCER_2009-12-16_23-34_5920,uncut,2,blue,28,42.66,-122.7013,20090815,
05-07G,CSR,CSR11,R. armeniacus,R. armeniacus,343,141,Run_MAJSEQUENCER_2009-11-19_17-39_5861,cut,11,red,28,42.65997,-122.70122,20090815,
05-07H,CSR,CSR12,R. ursinus,R. ursinus,332,169,Run_MAJSEQUENCER_2009-11-19_17-39_5861,uncut,4,blue,28,42.65985,-122.70107,20090815,
05-08A,CSR,CSR13,R. armeniacus,R. armeniacus,342,2343,Run_MAJSEQUENCER_2009-12-16_23-34_5920,cut,10,red,28,42.65985,-122.70098,20090815,
05-08B,CSR,CSR14,R. ursinus,R. ursinus,330,551,Run_MAJSEQUENCER_2009-12-16_23-34_5920,uncut,2,blue,28,42.65965,-122.70075,20090815,
05-08C,CSR,CSR15,R. armeniacus,R. armeniacus,,,Run_MAJSEQUENCER_2009-11-19_17-39_5861,,,black,28,42.65955,-122.7005,20090815,
05-08D,CSR,CSR16,R. armeniacus,R. armeniacus,342,3369,Run_MAJSEQUENCER_2009-12-16_23-34_5920,cut,10,red,28,0,0,20090815,
05-08E,CSR,CSR17,R. armeniacus,R. armeniacus,343,234,Run_MAJSEQUENCER_2009-11-19_17-39_5861,cut,11,red,28,42.65945,-122.70012,20090815,
05-08F,CSR,CSR18,R. ursinus,R. ursinus,345,1380,Run_MAJSEQUENCER_2009-12-16_23-34_5920,uncut,12,blue,28,42.65943,-122.70013,20090815,
05-08G,CSR,CSR19,R. armeniacus,R. armeniacus,342,7364,Run_MAJSEQUENCER_2009-12-16_23-34_5920,cut,10,red,28,42.65928,-122.6999,20090815,
05-08H,CSR,CSR20,R. armeniacus,R. armeniacus,343,347,Run_MAJSEQUENCER_2009-11-19_17-39_5861,cut,11,red,28,42.65893,-122.69842,20090815,
05-09A,CSR,CSR21,R. armeniacus,R. armeniacus,342,194,Run_MAJSEQUENCER_2009-12-12_14-28_5908,cut,10,red,28,42.65885,-122.69827,20090815,
05-09B,FCR,FCR1,R. ursinus,R. ursinus,351,122,Run_MAJSEQUENCER_2009-11-19_17-39_5862,uncut,16,blue,29,43.94332,-122.7685,20090816,voucher collected
05-09C,FCR,FCR2,R. ursinus,R. ursinus,350,2327,Run_MAJSEQUENCER_2009-12-16_23-34_5920,uncut,15,blue,29,43.94342,-122.76808,20090816,
05-09D,FCR,FCR3,R. ursinus,R. ursinus,333,409,Run_MAJSEQUENCER_2009-11-19_17-39_5862,uncut,5,blue,29,43.94345,-122.76802,20090816,lobing towards 5 leaflets
05-09E,FCR,FCR4,R. armeniacus,R. armeniacus,342,2687,Run_MAJSEQUENCER_2009-12-16_23-34_5920,cut,10,red,29,43.94355,-122.76788,20090816,voucher collected
05-09F,FCR,FCR5,R. ursinus,R. ursinus,330,2100,Run_MAJSEQUENCER_2009-12-16_23-34_5920,uncut,2,blue,29,43.94357,-122.76793,20090816,
05-09G,FCR,FCR6,R. ursinus,R. ursinus,332,51,Run_MAJSEQUENCER_2009-11-19_17-39_5862,uncut,4,blue,29,43.94352,-122.76742,20090816,
05-09H,FCR,FCR7,R. armeniacus,R. anglocandicans,346,636,Run_MAJSEQUENCER_2010-03-19_14-23_5986,cut,13,red,29,43.95705,-122.75533,20090816,
05-10A,FCR,FCR8,R. armeniacus,R. anglocandicans,346,392,Run_MAJSEQUENCER_2009-12-16_23-34_5920,cut,13,red,29,43.957,-122.75567,20090816,
05-10B,FCR,FCR9,R. armeniacus,R. anglocandicans,346,1613,Run_MAJSEQUENCER_2009-12-16_23-34_5920,cut,13,red,29,43.95718,-122.75568,20090816,
05-10C,FCR,FCR10,R. armeniacus,R. vestitus,346,2581,Run_MAJSEQUENCER_2009-12-16_23-34_5921,cut,13,red,29,43.95722,-122.7554,20090816,
05-10D,FCR,FCR11,R. armeniacus,R. anglocandicans,346,1483,Run_MAJSEQUENCER_2009-12-16_23-34_5921,cut,13,red,29,43.95715,-122.75512,20090816,
05-10E,FCR,FCR12,R. armeniacus,R. anglocandicans,346,2314,Run_MAJSEQUENCER_2009-12-16_23-34_5921,cut,13,red,29,43.95702,-122.75483,20090816,
05-10F,FCR,FCR13,R. armeniacus,R. anglocandicans,346,2134,Run_MAJSEQUENCER_2009-12-16_23-34_5921,cut,13,red,29,43.95697,-122.7547,20090816,
05-10G,FCR,FCR14,R. armeniacus,R. anglocandicans,346,1566,Run_MAJSEQUENCER_2009-12-16_23-34_5921,cut,13,red,29,43.95682,-122.75457,20090816,
05-10H,FCR,FCR15,R. laciniatus,R. laciniatus,346,3343,Run_MAJSEQUENCER_2009-12-16_23-34_5921,cut,13,red,29,43.95682,-122.75452,20090816,voucher collected
05-11A,FCR,FCR16,R. armeniacus,R. armeniacus,342,2319,Run_MAJSEQUENCER_2009-12-16_23-34_5921,cut,10,red,29,43.9567,-122.7544,20090816,
05-11B,FCR,FCR17,R. armeniacus,R. anglocandicans,346,2160,Run_MAJSEQUENCER_2009-12-16_23-34_5921,cut,13,red,29,43.9566,-122.75428,20090816,
05-11C,FCR,FCR18,R. armeniacus,R. anglocandicans,346,3994,Run_MAJSEQUENCER_2009-12-16_23-34_5921,cut,13,red,29,43.9565,-122.75457,20090816,
05-11D,FCR,FCR19,R. armeniacus,R. anglocandicans,346,5925,Run_MAJSEQUENCER_2009-12-16_23-34_5921,cut,13,red,29,43.95657,-122.75472,20090816,
05-11E,FCR,FCR20,R. armeniacus,R. anglocandicans,346,1316,Run_MAJSEQUENCER_2009-12-16_23-34_5921,cut,13,red,29,43.95687,-122.7553,20090816,
05-11F,FCR,FCR21,R. armeniacus,R. armeniacus,343,1467,Run_MAJSEQUENCER_2010-02-17_10-31_5959,cut,11,red,29,43.95682,-122.75537,20090816,voucher and berries collected
05-11G,FCR,FCR22,R. ursinus,R. ursinus,,,,cut,,magenta,29,43.9572,-122.75577,20090816,excluded from analysis
05-11H,FCR,FCR23,R. laciniatus,R. laciniatus,346,741,Run_MAJSEQUENCER_2009-12-16_23-34_5921,cut,13,red,29,43.9572,-122.75588,20090816,fruiting
05-12A,FCR,FCR24,R. armeniacus,R. armeniacus,342,1749,Run_MAJSEQUENCER_2009-12-16_23-34_5921,cut,10,red,29,43.95715,-122.75585,20090816,
05-12B,FCR,FCR25,R. armeniacus,R. vestitus,346,770,Run_MAJSEQUENCER_2009-12-16_23-34_5921,cut,13,red,29,43.95718,-122.75605,20090816,almost 5 leaflets. cane slightly angled
05-12C,FCR,FCR26,R. armeniacus?,R. vestitus,340,987,Run_MAJSEQUENCER_2009-12-16_23-34_5921,cut,9,red,29,43.95728,-122.75597,20090816,
05-12D,FCR,FCR27,R. ursinus,R. ursinus,330,3775,Run_MAJSEQUENCER_2009-12-16_23-34_5922,uncut,2,blue,29,43.95717,-122.75608,20090816,
05-12E,FCR,FCR28,R. ursinus,R. ursinus,330,230,Run_MAJSEQUENCER_2009-12-16_23-34_5922,uncut,2,blue,29,43.95713,-122.7565,20090816,
05-12F,FCR,FCR29,R. armeniacus,R. anglocandicans,346,1708,Run_MAJSEQUENCER_2010-01-07_17-52_5942,cut,13,red,29,43.95707,-122.75652,20090816,
05-12G,FCR,FCR30,R. ursinus,R. ursinus,349,1752,Run_MAJSEQUENCER_2009-12-16_23-34_5922,uncut,14,blue,29,43.95705,-122.75657,20090816,
06-01A,FCR,FCR31,R. armeniacus,R. vestitus,346,6289,Run_MAJSEQUENCER_2009-12-12_14-28_5908,cut,13,red,29,43.95708,-122.75655,20090816,
06-01B,CMW,CMW1,R. armeniacus,R. armeniacus,343,6866,Run_MAJSEQUENCER_2009-12-07_18-29_5881,cut,11,red,30,45.51093,-122.81028,20090816,
06-01C,CMW,CMW2,R. armeniacus,R. armeniacus,342,7488,Run_MAJSEQUENCER_2009-12-16_23-34_5922,cut,10,red,30,45.51148,-122.81108,20090816,
06-01D,CMW,CMW3,R. armeniacus,R. anglocandicans,346,5240,Run_MAJSEQUENCER_2009-12-07_18-29_5881,cut,13,red,30,45.51173,-122.81063,20090816,
06-01E,CMW,CMW4,R. armeniacus,R. anglocandicans,346,7303,Run_MAJSEQUENCER_2009-12-07_18-29_5881,cut,13,red,30,45.51173,-122.81038,20090816,voucher collected
06-01F,CMW,CMW5,R. armeniacus,R. armeniacus,343,7198,Run_MAJSEQUENCER_2009-12-07_18-29_5881,cut,11,red,30,45.51187,-122.80973,20090816,
06-01G,CMW,CMW6,R. armeniacus,R. armeniacus,343,7133,Run_MAJSEQUENCER_2009-12-07_18-29_5881,cut,11,red,30,45.51195,-122.80958,20090816,
06-01H,CMW,CMW7,R. armeniacus,R. armeniacus,343,6839,Run_MAJSEQUENCER_2009-12-07_18-29_5881,cut,11,red,30,45.51205,-122.80918,20090816,
06-02A,CMW,CMW8,R. armeniacus,R. armeniacus,343,6986,Run_MAJSEQUENCER_2009-12-07_18-29_5881,cut,11,red,30,45.51222,-122.8084,20090816,small cane
06-02B,CMW,CMW9,R. armeniacus,R. armeniacus,343,1890,Run_MAJSEQUENCER_2009-12-07_18-29_5881,cut,11,red,30,45.51233,-122.80803,20090816,
06-02C,CMW,CMW10,R. armenicaus,R. anglocandicans,346,7385,Run_MAJSEQUENCER_2009-12-07_18-29_5881,cut,13,red,30,45.51243,-122.80745,20090816,
06-02D,KVY,KVY1,R. ursinus?,R. ursinus,350,7685,Run_MAJSEQUENCER_2009-12-07_18-29_5881,uncut,15,blue,33,46.37428,-122.60947,20090904,voucher taken.  Hooked prickles
06-02E,KVY,KVY2,R. ursinus,R. ursinus,332,7802,Run_MAJSEQUENCER_2009-12-07_18-29_5881,uncut,4,blue,33,46.37447,-122.6092,20090904,
06-02F,KVY,KVY3,R. spectabilis,R. ursinus,332,6207,Run_MAJSEQUENCER_2009-12-07_18-29_5881,uncut,4,blue,33,46.3745,-122.60915,20090904,leaves lobed towards 5
06-02G,KVY,KVY4,R. ursinus,R. ursinus,332,5629,Run_MAJSEQUENCER_2009-12-07_18-29_5881,uncut,4,blue,33,46.37463,-122.6091,20090904,
06-02H,KVY,KVY5,R. ursinus,R. ursinus,351,7635,Run_MAJSEQUENCER_2009-12-07_18-29_5881,uncut,16,blue,33,46.37512,-122.60915,20090904,
06-03A,KVY,KVY6,R. ursinus,R. ursinus,330,5655,Run_MAJSEQUENCER_2009-12-12_14-28_5908,uncut,2,blue,33,0,0,20090905,
06-03B,KVY,KVY7,R. spectabilis,R. spectabilis,333,3765,Run_MAJSEQUENCER_2009-12-07_18-29_5882,cut,5,magenta,33,46.3754,-122.61008,20090905,voucher taken
06-03C,KVY,KVY8,R. ursinus,R. ursinus,331,5308,Run_MAJSEQUENCER_2009-12-07_18-29_5882,uncut,3,blue,33,0,0,20090905,
06-03D,KVY,KVY9,R. spectabilis,R. spectabilis,331,4118,Run_MAJSEQUENCER_2009-12-07_18-29_5882,cut,3,magenta,33,0,0,20090905,
06-03E,KVY,KVY10,R. ursinus,R. ursinus,351,1412,Run_MAJSEQUENCER_2009-12-07_18-29_5882,uncut,16,blue,33,0,0,20090905,
06-03F,KVY,KVY11,R. ursinus,R. ursinus,331,3771,Run_MAJSEQUENCER_2009-12-07_18-29_5882,uncut,3,blue,33,0,0,20090905,
06-03G,KVY,KVY12,R. leucodermis?,R. leucodermis,333,6185,Run_MAJSEQUENCER_2009-12-07_18-29_5882,cut,5,magenta,33,0,0,20090905,
06-03H,KVY,KVY13,R. ursinus,R. ursinus,331,796,Run_MAJSEQUENCER_2010-01-07_17-52_5942,uncut,3,blue,33,0,0,20090905,
06-04A,KVY,KVY14,R. ursinus,R. ursinus,332,987,Run_MAJSEQUENCER_2009-12-07_18-29_5882,uncut,4,blue,33,0,0,20090905,straight prickles
06-04B,KVY,KVY15,R. ursinus,R. ursinus,332,1543,Run_MAJSEQUENCER_2009-12-07_18-29_5882,uncut,4,blue,33,0,0,20090905,straight prickles
06-04C,KVY,KVY16,R. ursinus,R. ursinus,353,572,Run_MAJSEQUENCER_2009-12-07_18-29_5882,uncut,18,blue,33,0,0,20090905,
06-04D,KVY,KVY17,R. spectabilis,R. spectabilis,330,2563,Run_MAJSEQUENCER_2010-01-07_17-52_5942,cut,2,magenta,33,0,0,20090905,
06-04E,KVY,KVY18,R. ursinus,R. ursinus,350,3035,Run_MAJSEQUENCER_2010-01-07_17-52_5942,uncut,15,blue,33,0,0,20090905,
06-04F,KVY,KVY19,R. ursinus,R. ursinus,332,1478,Run_MAJSEQUENCER_2009-12-07_18-29_5882,uncut,4,blue,33,0,0,20090905,
06-04G,KVY,KVY20,R. spectabilis,R. spectabilis,330,7096,Run_MAJSEQUENCER_2010-01-07_17-52_5942,cut,2,magenta,33,0,0,20090905,
06-04H,KVY,KVY21,R. spectabilis,R. spectabilis,331,405,Run_MAJSEQUENCER_2009-12-07_18-29_5882,cut,3,magenta,33,0,0,20090905,
06-05A,KVY,KVY22,R. ursinus,R. ursinus,330,2783,Run_MAJSEQUENCER_2009-12-12_14-28_5908,uncut,2,blue,33,0,0,20090905,
06-05B,DMU,DMU1,R. armeniacus?,R. anglocandicans,346,531,Run_MAJSEQUENCER_2009-12-12_14-28_5913,cut,13,red,26,41.195,-122.2825,20090903,voucher taken
06-05C,TCM,TCM1,R. armeniacus,R. armeniacus,342,2009,Run_MAJSEQUENCER_2009-12-12_14-28_5913,cut,10,red,34,47.27567,-122.46682,20090905,
06-05D,TCM,TCM2,R. armeniacus,R. armeniacus,343,3390,Run_MAJSEQUENCER_2009-12-07_18-29_5883,cut,11,red,34,47.27563,-122.46655,20090905,
06-05E,TCM,TCM3,R. armeniacus,R. armeniacus,343,3251,Run_MAJSEQUENCER_2009-12-07_18-29_5883,cut,11,red,34,47.27558,-122.4663,20090905,
06-05F,TCM,TCM4,R. leucodermis,R. leucodermis,334,543,Run_MAJSEQUENCER_2009-12-07_18-29_5883,cut,6,magenta,34,47.27458,-122.46155,20090905,fruits present
06-05G,TCM,TCM5,R. leucodermis?,R. leucodermis,334,985,Run_MAJSEQUENCER_2009-12-07_18-29_5883,cut,6,magenta,34,47.27458,-122.46155,20090905,voucher taken
06-05H,TCM,TCM6,R. armeniacus?,R. leucodermis,334,3192,Run_MAJSEQUENCER_2009-12-07_18-29_5883,cut,6,magenta,34,47.27358,-122.45982,20090905,strange leaf shape
06-06A,TCM,TCM7,R. armeniacus,R. armeniacus,343,2058,Run_MAJSEQUENCER_2009-12-07_18-29_5883,cut,11,red,34,47.27275,-122.45872,20090905,
06-06B,TCM,TCM8,R. armeniacus,R. armeniacus,343,1558,Run_MAJSEQUENCER_2009-12-07_18-29_5883,cut,11,red,34,47.27268,-122.45858,20090905,
06-06C,TCM,TCM9,R. armeniacus,R. armeniacus,343,4643,Run_MAJSEQUENCER_2009-12-07_18-29_5883,cut,11,red,34,47.27337,-122.45957,20090905,
06-06D,KLS,KLS1,R. armeniacus,R. anglocandicans,346,1933,Run_MAJSEQUENCER_2009-12-07_18-29_5883,cut,13,red,31,46.14318,-122.8959,20090906,voucher taken
06-06E,KLS,KLS2,R. armeniacus,R. anglocandicans,346,2445,Run_MAJSEQUENCER_2009-12-07_18-29_5883,cut,13,red,31,46.14318,-122.89643,20090906,
06-06F,KLS,KLS3,R. ursinus,R. ursinus,331,2231,Run_MAJSEQUENCER_2009-12-07_18-29_5883,uncut,3,blue,31,46.14318,-122.89643,20090906,voucher taken
06-06G,RSB,RSB1,R. ursinus,R. ursinus,331,197,Run_MAJSEQUENCER_2010-01-07_17-52_5943,uncut,3,blue,32,46.34082,-123.62892,20090906,voucher taken
06-06H,RSB,RSB2,R. spectabilis,R. spectabilis,331,1800,Run_MAJSEQUENCER_2009-12-07_18-29_5883,cut,3,magenta,32,46.34082,-123.62892,20090906,voucher taken
06-07A,RSB,RSB3,R. armeniacus,R. armeniacus,342,987,Run_MAJSEQUENCER_2009-12-12_14-28_5913,cut,10,red,32,46.34082,-123.62897,20090906,voucher taken
06-07B,RSB,RSB4,R. ursinus,R. ursinus,351,8504,Run_MAJSEQUENCER_2010-03-02_12-00_5974,uncut,16,blue,32,46.3406,-123.6292,20090906,
06-07C,RSB,RSB5,R. armeniacus,R. armeniacus,342,2629,Run_MAJSEQUENCER_2009-12-12_14-28_5913,cut,10,red,32,46.34058,-123.6291,20090906,
06-07D,WSH,WSH1,R. ursinus,R. ursinus,394,491,Run_MAJSEQUENCER_2009-12-12_14-28_5913,uncut,22,blue,5,36.18843,-118.6705,20090911,voucher taken
06-07E,WSH,WSH2,R. ursinus,R. ursinus,394,814,Run_MAJSEQUENCER_2010-02-24_11-41_5970,uncut,22,blue,5,36.18865,-118.67057,20090911,dried up male flowers
06-07F,WSH,WSH5,R. ursinus,,,,Run_MAJSEQUENCER_2009-12-12_14-28_5914,cut,,magenta,5,36.18827,-118.67775,20090911,excluded from analysis
06-07G,WSH,WSH6,R. ursinus,R. ursinus,374,267,Run_MAJSEQUENCER_2010-02-24_11-41_5970,,23,black,5,36.18823,-118.67803,20090911,
06-07H,WSH,WSH7,R. ursinus,R. ursinus,330,7811,Run_MAJSEQUENCER_2010-01-07_17-52_5943,uncut,2,blue,5,36.1723,-118.69893,20090911,
06-08A,WSH,WSH8,R. ursinus,R. ursinus,331,265,Run_MAJSEQUENCER_2009-12-07_18-29_5884,uncut,3,blue,5,36.17317,-118.69925,20090911,
06-08B,WSH,WSH9,R. ursinus,R. ursinus,331,1937,Run_MAJSEQUENCER_2009-12-07_18-29_5884,uncut,3,blue,5,36.17305,-118.69942,20090911,
06-08C,WSH,WSH10,R. ursinus,R. ursinus,331,1246,Run_MAJSEQUENCER_2009-12-07_18-29_5884,uncut,3,blue,5,36.17283,-118.69935,20090911,
06-08D,WSH,WSH11,R. ursinus,R. ursinus,332,462,Run_MAJSEQUENCER_2010-03-19_14-23_5986,uncut,4,blue,5,36.17257,-118.69937,20090911,
06-08E,WSH,WSH12,R. ursinus,R. ursinus,331,754,Run_MAJSEQUENCER_2010-01-07_17-52_5943,uncut,3,blue,5,36.1726,-118.6994,20090911,
06-08F,GST,GST1,R. leucodermis,R. leucodermis,333,963,Run_MAJSEQUENCER_2009-12-07_18-29_5884,cut,5,magenta,6,36.57972,117.25,20090912,
06-08G,KRC,KRC31,R. armeniacus,R. armeniacus,343,2086,Run_MAJSEQUENCER_2009-12-07_18-29_5884,cut,11,red,25,0,0,20090915,
06-08H,MGH,MGH1,R. ursinus,R. ursinus,332,4064,Run_MAJSEQUENCER_2009-12-07_18-29_5884,uncut,4,blue,7,0,-121.65522,20090410,voucher taken
06-09A,KRC,KRC32,R. ursinus,R. ursinus,330,2829,Run_MAJSEQUENCER_2009-12-12_14-28_5913,uncut,2,blue,25,0,0,20090915,
06-09B,KRC,KRC33,R. ursinus,R. ursinus,330,979,Run_MAJSEQUENCER_2009-12-12_14-28_5913,uncut,2,blue,25,0,0,20090915,
06-09C,KRC,KRC34,R. ursinus,R. ursinus,332,1533,Run_MAJSEQUENCER_2010-03-12_11-31_5981,uncut,4,blue,25,0,0,20090915,
06-09D,KRC,KRC35,R. ursinus,R. ursinus,353,1513,Run_MAJSEQUENCER_2009-12-12_14-28_5913,uncut,18,blue,25,0,0,20090915,
06-09E,KRC,KRC36,R. leucodermis,R. leucodermis,332,1692,Run_MAJSEQUENCER_2009-12-12_14-28_5913,cut,4,magenta,25,0,0,20090915,voucher collected
06-09F,KRC,KRC37,R. ursinus,R. ursinus,330,241,Run_MAJSEQUENCER_2009-12-12_14-28_5913,uncut,2,blue,25,0,0,20090915,
06-09G,KRC,KRC38,R. ursinus,R. ursinus,331,7745,Run_MAJSEQUENCER_2010-01-07_17-52_5943,uncut,3,blue,25,0,0,20090915,
06-09H,KRC,KRC39,R. leucodermis,R. leucodermis,332,1475,Run_MAJSEQUENCER_2009-12-12_14-28_5913,cut,4,magenta,25,0,0,20090915,3-7 leaflets
06-10A,KRC,KRC40,R. parviflorus,R. parviflorus,335,4829,Run_MAJSEQUENCER_2009-12-07_18-29_5885,cut,7,magenta,25,0,0,20090915,voucher collected
06-10B,SRP,SRP1,R. armeniacus,R. armeniacus,343,3283,Run_MAJSEQUENCER_2009-12-07_18-29_5885,cut,11,red,27,41.79955,-124.0553,20090916,voucher collected
06-10C,SRP,SRP2,R. ursinus,R. ursinus,349,895,Run_MAJSEQUENCER_2009-12-07_18-29_5885,uncut,14,blue,27,41.79968,-124.05507,20090916,voucher collected
06-10D,SRP,SRP3,R. armeniacus,R. armeniacus,342,3813,Run_MAJSEQUENCER_2009-12-12_14-28_5914,cut,10,red,27,41.79942,-124.05508,20090916,
06-10E,SRP,SRP4,R. parviflorus,R. parviflorus,336,2643,Run_MAJSEQUENCER_2009-12-07_18-29_5885,cut,8,magenta,27,41.79952,-124.05517,20090916,voucher collected
06-10F,SRP,SRP5,R. parviflorus,R. parviflorus,334,1140,Run_MAJSEQUENCER_2009-12-07_18-29_5885,cut,6,magenta,27,0,0,20090916,
06-10G,SRP,SRP6,R. ursinus,R. ursinus,349,583,Run_MAJSEQUENCER_2010-03-19_14-23_5986,uncut,14,blue,27,0,0,20090916,
06-10H,SRP,SRP7,R. parviflorus,R. parviflorus,334,498,Run_MAJSEQUENCER_2009-12-07_18-29_5885,cut,6,magenta,27,0,0,20090916,
06-11B,SRP,SRP9,R. armeniacus,R. armeniacus,342,1312,Run_MAJSEQUENCER_2009-12-12_14-28_5914,cut,10,red,27,0,0,20090916,
06-11C,SRP,SRP10,R. parviflorus,R. parviflorus,333,1598,Run_MAJSEQUENCER_2009-12-12_14-28_5914,cut,5,magenta,27,0,0,20090916,
06-11D,SRP,SRP11,R. parviflorus,R. parviflorus,333,666,Run_MAJSEQUENCER_2009-12-12_14-28_5914,cut,5,magenta,27,0,0,20090916,
06-11E,SRP,SRP12,R. parviflorus,R. parviflorus,335,3666,Run_MAJSEQUENCER_2010-02-24_11-41_5970,cut,7,magenta,27,0,0,20090916,
06-11F,SRP,SRP13,R. ursinus,R. ursinus,332,3599,Run_MAJSEQUENCER_2010-03-09_14-53_5978,uncut,4,blue,27,0,0,20090916,
06-11G,SRP,SRP14,R. parviflorus,R. parviflorus,334,1440,Run_MAJSEQUENCER_2010-01-07_17-52_5944,cut,6,magenta,27,41.79905,-124.05528,20090916,
06-11H,SRP,SRP15,R. parviflorus,R. parviflorus,338,294,Run_MAJSEQUENCER_2009-12-07_18-29_5886,cut,9,magenta,27,41.7991,-124.05533,20090916,
06-12A,SRP,SRP16,R. armeniacus,R. armeniacus,345,2935,Run_MAJSEQUENCER_2009-12-07_18-29_5886,cut,12,red,27,41.7991,-124.05533,20090916,
06-12B,SRP,SRP17,R. ursinus,R. ursinus,332,296,Run_MAJSEQUENCER_2009-12-07_18-29_5886,uncut,4,blue,27,41.79922,-124.05575,20090916,
06-12C,SRP,SRP18,R. parviflorus,R. parviflorus,334,1554,Run_MAJSEQUENCER_2009-12-07_18-29_5886,cut,6,magenta,27,41.7991,-124.05573,20090916,
06-12D,SRP,SRP19,R. armeniacus,R. armeniacus,343,2448,Run_MAJSEQUENCER_2009-12-07_18-29_5886,cut,11,red,27,41.79873,-124.05573,20090916,
06-12E,SRP,SRP20,R. parviflorus (Stella must have mixed up),R. parviflorus,333,1289,Run_MAJSEQUENCER_2009-12-16_23-35_5924,cut,5,magenta,27,41.79838,-124.05567,20090916,
06-12F,SRP,SRP21,R. ursinus (Stella must have mixed up),R. ursinus,331,5893,Run_MAJSEQUENCER_2010-01-07_17-52_5944,uncut,3,blue,27,41.7986,-124.05563,20090916,
06-12G,MGH,MGH2,R. armeniacus,R. armeniacus,342,2280,Run_MAJSEQUENCER_2009-12-16_23-35_5924,cut,10,red,7,37.16533,-121.65538,20090410,voucher taken
06-12H,MGH,MGH3,R. armeniacus,R. armeniacus,342,6793,Run_MAJSEQUENCER_2009-12-16_23-35_5924,cut,10,red,7,37.16533,-121.65538,20090410,
07-01A,PSG,PSG1,Silven blackberry,Silven blackberry,331,3394,Run_MAJSEQUENCER_2009-12-11_17-19_5902,uncut,3,blue,16,38.63472,-121.7866,20091022,
07-01B,PSG,PSG2,Marionberry,Marionberry,332,6515,Run_MAJSEQUENCER_2010-03-12_11-31_5981,uncut,4,blue,16,38.63468,-121.78663,20091022,
07-01C,PSG,PSG3,Boysenberry,Boysenberry,331,2219,Run_MAJSEQUENCER_2009-12-11_17-19_5902,uncut,3,blue,16,38.63465,-121.78653,20091022,
07-01D,PSG,PSG4,Olallieberry,Olallieberry,330,2096,Run_MAJSEQUENCER_2009-12-16_23-35_5924,uncut,2,blue,16,38.63467,-121.78647,20091022,
07-01E,PSG,PSG5,R. armeniacus,R. armeniacus,343,3169,Run_MAJSEQUENCER_2009-12-11_17-19_5902,cut,11,red,16,38.6365,-121.7882,20091022,
07-01F,ARC,ARC1,Ollalieberry,Ollalieberry,331,4784,Run_MAJSEQUENCER_2010-03-02_12-00_5975,uncut,3,blue,18,38.76258,-120.83495,20091021,
07-01G,ARC,ARC2,Cuthbert Raspberry (may have been mixed up in DNA extraction),Cuthbert Raspberry,335,5642,Run_MAJSEQUENCER_2009-12-11_17-19_5902,cut,7,magenta,18,38.76242,-120.83472,20091021,
07-01H,ARC,ARC3,Marionberry (may have been mixed up in DNA extraction),Marionberry,331,4306,Run_MAJSEQUENCER_2009-12-11_17-19_5902,uncut,3,blue,18,38.7624,-120.83478,20091021,
07-02A,ARC,ARC4,Chester thornless blackberry,Chester thornless blackberry,346,3624,Run_MAJSEQUENCER_2009-12-11_17-19_5902,cut,13,magenta,18,38.7624,-120.83503,20091021,
07-02B,ARC,ARC5,Chilliwack raspberry,Chilliwack raspberry,335,3378,Run_MAJSEQUENCER_2009-12-11_17-19_5902,cut,7,magenta,18,38.76235,-120.83487,20091021,
07-02C,ARC,ARC6,Thornless Marionberry,Thornless Marionberry,310,151,Run_MAJSEQUENCER_2009-12-16_23-35_5924,uncut,1,blue,18,38.76235,-120.83488,20091021,
07-02D,ARC,ARC7,Loganberry,Loganberry,331,934,Run_MAJSEQUENCER_2009-12-11_17-19_5902,uncut,3,blue,18,38.76227,-120.83482,20091021,
07-02E,ARC,ARC8,Siskiyou blackberry,Siskiyou blackberry,331,3594,Run_MAJSEQUENCER_2009-12-11_17-19_5902,uncut,3,blue,18,38.76213,-120.83503,20091021,
07-02F,ARC,ARC9,Cascade Delight raspberry,Cascade Delight raspberry,335,3146,Run_MAJSEQUENCER_2009-12-11_17-19_5902,cut,7,magenta,18,38.76222,-120.83463,20091021,
07-02G,ARC,ARC10,Boysenberry,Boysenberry,331,1250,Run_MAJSEQUENCER_2009-12-11_17-19_5902,uncut,3,blue,18,38.76232,-120.83478,20091021,
07-02H,ARC,ARC11,Autumn Britten raspberry,Autumn Britten raspberry,333,2640,Run_MAJSEQUENCER_2009-12-16_23-35_5924,cut,5,magenta,18,38.76248,-120.83502,20091021,
07-03A,ARC,ARC12,,R. ursinus,331,5860,Run_MAJSEQUENCER_2009-12-11_17-19_5903,uncut,3,blue,18,38.76272,-120.83443,20091021,"""bird drop"""
07-03B,ARC,ARC13,R. spectabilis,R. idaeus,336,4285,Run_MAJSEQUENCER_2009-12-11_17-19_5903,cut,8,magenta,18,38.76268,-120.83438,20091021,"""bird drop"""
07-03C,ARC,ARC14,Tayberry,Tayberry,331,1205,Run_MAJSEQUENCER_2009-12-11_17-19_5903,uncut,3,blue,18,0,0,20091021,
07-03D,WSH,WSH3,R. ursinus,R. ursinus,394,451,Run_MAJSEQUENCER_2009-12-11_17-19_5903,uncut,22,blue,5,36.18797,-118.66977,20090911,
07-03E,WSH,WSH4,R. ursinus,R. ursinus,394,768,Run_MAJSEQUENCER_2009-12-11_17-19_5903,uncut,22,blue,5,36.18795,-118.67022,20090911,
07-03F,KNL,KNL4,R. ursinus,R. ursinus,331,184,Run_MAJSEQUENCER_2009-12-11_17-19_5903,,3,black,20,38.80293,-121.72347,20070820,excluded from analysis
07-03H,CSR,CSR8,R. ursinus,R. ursinus,352,489,Run_MAJSEQUENCER_2009-12-11_17-19_5903,uncut,17,blue,28,42.66017,-122.70092,20090815,
07-04A,DVS,DVS10,R. armeniacus,R. armeniacus,343,1501,Run_MAJSEQUENCER_2009-12-11_17-19_5903,cut,11,red,15,38.54333,-121.6953,20090403,voucher collected
07-04B,DVS,DVS11,R. armeniacus,inbred R. armeniacus,343,2095,Run_MAJSEQUENCER_2009-12-11_17-19_5903,cut,11,red,15,38.5433,-121.69552,20090403,
07-04C,DVS,DVS12,R. armeniacus,R. armeniacus,343,2853,Run_MAJSEQUENCER_2009-12-11_17-19_5903,cut,11,red,15,38.54317,-121.69662,20090403,
07-04D,DVS,DVS13,R. armeniacus,R. armeniacus,343,4041,Run_MAJSEQUENCER_2009-12-11_17-19_5903,cut,11,red,15,38.54315,-121.69742,20090403,
07-04E,DVS,DVS14,R. armeniacus,R. armeniacus,343,2843,Run_MAJSEQUENCER_2009-12-11_17-19_5903,cut,11,red,15,38.54312,-121.69763,20090403,
07-04F,DVS,DVS15,R. armeniacus,R. armeniacus,343,2303,Run_MAJSEQUENCER_2009-12-11_17-19_5903,cut,11,red,15,38.54317,-121.69918,20090403,
07-04G,ARP,ARP42,R. armeniacus,R. armeniacus,343,2512,Run_MAJSEQUENCER_2009-12-11_17-19_5903,cut,11,red,17,38.63723,-121.26227,20090403,voucher taken
07-04H,ARP,ARP43,R. armeniacus,R. armeniacus,343,1577,Run_MAJSEQUENCER_2009-12-11_17-19_5903,cut,11,red,17,38.63708,-121.2625,20090403,
07-05A,ARP,ARP45,R. pensilvanicus,R. pensilvanicus,356,1578,Run_MAJSEQUENCER_2009-12-11_17-19_5904,cut,19,magenta,17,38.63688,-121.26273,20090403,voucher taken
07-05B,ARP,ARP44,R. pensilvanicus,R. pensilvanicus,356,604,Run_MAJSEQUENCER_2009-12-16_23-35_5924,cut,19,magenta,17,38.63695,-121.26292,20090403,
07-05C,ARP,ARP46,R. ursinus,R. ursinus,331,1716,Run_MAJSEQUENCER_2009-12-11_17-19_5904,uncut,3,blue,17,38.63673,-121.26318,20090403,voucher taken
07-05D,ARP,ARP47,R. armeniacus,R. armeniacus,343,2685,Run_MAJSEQUENCER_2009-12-11_17-19_5904,cut,11,red,17,38.63673,-121.26325,20090403,
07-05E,ARP,ARP48,R. ursinus,R. ursinus,335,3152,Run_MAJSEQUENCER_2009-12-11_17-19_5904,uncut,7,blue,17,38.636,-121.26348,20090403,
07-05F,ARP,ARP49,R. ursinus,R. ursinus,331,5989,Run_MAJSEQUENCER_2009-12-11_17-19_5904,uncut,3,blue,17,38.63632,-121.26302,20090403,
07-05G,ARP,ARP50,R. ursinus,R. ursinus,345,3081,Run_MAJSEQUENCER_2009-12-11_17-19_5904,uncut,12,blue,17,38.63653,-121.26278,20090403,
07-05H,ARP,ARP51,R. ursinus,R. ursinus,345,7631,Run_MAJSEQUENCER_2010-01-07_17-52_5944,uncut,12,blue,17,38.637,-121.26063,20090403,
